id;hitster_url;youtube_url;artist;title;year
1;www.hitstergame.com/nl/aaaa0029/00001;https://music.youtube.com/watch?v=8vf_cTDifPE;André van Duin;Duudeljoo [De Duinstappers];2012
2;www.hitstergame.com/nl/aaaa0029/00002;https://music.youtube.com/watch?v=GgW-5l5o24w;Rowwen Hèze;Limburg;2005
3;www.hitstergame.com/nl/aaaa0029/00003;https://music.youtube.com/watch?v=Pgh_EymgrxQ;Danny De Munk;Vrienden Voor Het Leven;1991
4;www.hitstergame.com/nl/aaaa0029/00004;https://music.youtube.com/watch?v=t09F-_UsGNc;Lee Towers;You Never Walk Alone;1976
5;www.hitstergame.com/nl/aaaa0029/00005;https://music.youtube.com/watch?v=su5mSoREoso;Rolf Sanchez;Más Más Más;2020
6;www.hitstergame.com/nl/aaaa0029/00006;https://music.youtube.com/watch?v=ii4gtE6dsrw;Danny Vera;Roller Coaster;2019
7;www.hitstergame.com/nl/aaaa0029/00007;https://music.youtube.com/watch?v=FKGHTcaDSWM;Miss Montreal;Being Alone At Christmas;2010
8;www.hitstergame.com/nl/aaaa0029/00008;https://music.youtube.com/watch?v=JgmVucsSWZE;Volumia!;Blijf Bij Mij;1999
9;www.hitstergame.com/nl/aaaa0029/00009;https://music.youtube.com/watch?v=0KYJDwlLquA;Abel;Onderweg;2000
10;www.hitstergame.com/nl/aaaa0029/00010;https://music.youtube.com/watch?v=8L60r1EvjrE;Circus Custers;Monica;1989
11;www.hitstergame.com/nl/aaaa0029/00011;https://music.youtube.com/watch?v=A3cHmcJWIGY;The Amazing Stroopwafels;Oude Maasweg;1994
12;www.hitstergame.com/nl/aaaa0029/00012;https://music.youtube.com/watch?v=L-AiGR8wC6Y;Ilse DeLange;I'm Not so Tough;2003
13;www.hitstergame.com/nl/aaaa0029/00013;https://music.youtube.com/watch?v=Ywo_j8o2X2k;De Dijk;Als Ze Er Niet Is;1994
14;www.hitstergame.com/nl/aaaa0029/00014;https://music.youtube.com/watch?v=G7qOXdzMe6I;BZN;The Banjo Man;1994
15;www.hitstergame.com/nl/aaaa0029/00015;https://music.youtube.com/watch?v=KDFoDKJvxU8;Def Rhymz;Schudden;2001
16;www.hitstergame.com/nl/aaaa0029/00016;https://music.youtube.com/watch?v=Iko24bY_vhc;Nielson;Beauty & De Brains;2014
17;www.hitstergame.com/nl/aaaa0029/00017;https://music.youtube.com/watch?v=UTgPMip2TO8;Paul de Leeuw;Vlieg Met Me Mee - Live 1992;1992
18;www.hitstergame.com/nl/aaaa0029/00018;https://music.youtube.com/watch?v=s2qCnnMlGOI;Edsilia Rombley;Hemel & Aarde;2006
19;www.hitstergame.com/nl/aaaa0029/00019;https://music.youtube.com/watch?v=awCDIBdSec0;Jaap Reesema;Alles Komt Goed;2021
20;www.hitstergame.com/nl/aaaa0029/00020;https://music.youtube.com/watch?v=O2LDfEgTtdU;Willeke Alberti;Telkens Weer;1975
21;www.hitstergame.com/nl/aaaa0029/00021;https://music.youtube.com/watch?v=_49xwDtirTc;S10;Adem Je In;2021
22;www.hitstergame.com/nl/aaaa0029/00022;https://music.youtube.com/watch?v=6OcgKe5JJDY;Emma Heesters,Rolf Sanchez,Beste Zangers;Pa Olvidarte;2019
23;www.hitstergame.com/nl/aaaa0029/00023;https://music.youtube.com/watch?v=8VYCSJF7fwA;Vader Abraham;Smurfenlied;1977
24;www.hitstergame.com/nl/aaaa0029/00024;https://music.youtube.com/watch?v=SBuUKvVplo0;Lucas & Steve;Up Till Dawn (On The Move);2017
25;www.hitstergame.com/nl/aaaa0029/00025;https://music.youtube.com/watch?v=HUIL7qWrE3c;Intwine;Happy?;2003
26;www.hitstergame.com/nl/aaaa0029/00026;https://music.youtube.com/watch?v=QrVof_AGW_0;Counting Crows,BLØF;Holiday In Spain;2012
27;www.hitstergame.com/nl/aaaa0029/00027;https://music.youtube.com/watch?v=PIPfE4ev0js;Thomas Acda,Paul de Munnik,Maan,Typhoon;Als Ik Je Weer Zie;2021
28;www.hitstergame.com/nl/aaaa0029/00028;https://music.youtube.com/watch?v=hjl04DETZHI;Mannenkoor Karrespoor;Mooi Man;1991
29;www.hitstergame.com/nl/aaaa0029/00029;https://music.youtube.com/watch?v=-q7d41dmPjs;Sieneke;Ik Ben Verliefd (sha - La - Lie);2010
30;www.hitstergame.com/nl/aaaa0029/00030;https://music.youtube.com/watch?v=dCNa2acX0BE;Pasadena Dream Band;Zandvoort - Original Radio Edit;1986
31;www.hitstergame.com/nl/aaaa0029/00031;https://music.youtube.com/watch?v=nWAReWeOi7Y;André Hazes Jr.;Ik Leef Mijn Eigen Leven;2016
32;www.hitstergame.com/nl/aaaa0029/00032;https://music.youtube.com/watch?v=0CcwQk6Xc9Y;Diesel;Sausalito Summernight;2000
33;www.hitstergame.com/nl/aaaa0029/00033;https://music.youtube.com/watch?v=2YIUo_hZ8eU;Corry Konings;Leven En Laten Leven;1990
34;www.hitstergame.com/nl/aaaa0029/00034;https://music.youtube.com/watch?v=C7yzITgLCpQ;Erik Mesie;Zonder Jou;1986
35;www.hitstergame.com/nl/aaaa0029/00035;https://music.youtube.com/watch?v=QH3kHeRSaUc;Frank Boeijen Groep;Zwart Wit;1988
36;www.hitstergame.com/nl/aaaa0029/00036;https://music.youtube.com/watch?v=fS9Erdjogsk;De Kreuners;Ik wil je;1990
37;www.hitstergame.com/nl/aaaa0029/00037;https://music.youtube.com/watch?v=-kejeU8dnzE;Hero;Toen Ik Je Zag - Single Version;1998
38;www.hitstergame.com/nl/aaaa0029/00038;https://music.youtube.com/watch?v=1hQFMNWtQks;Henk Wijngaard;He Suzie;1990
39;www.hitstergame.com/nl/aaaa0029/00039;https://music.youtube.com/watch?v=ev73Z0sKbAE;Bert Heerink;Juli July (Brother Louie);1995
40;www.hitstergame.com/nl/aaaa0029/00040;https://music.youtube.com/watch?v=PGHXtM6qwDM;Roxy Dekker;Satisfyer;2023
41;www.hitstergame.com/nl/aaaa0029/00041;https://music.youtube.com/watch?v=trGdCR8vFdk;The Cooldown Café,DJ Stefan;Hey Baby (Uhh, Ahh);2001
42;www.hitstergame.com/nl/aaaa0029/00042;https://music.youtube.com/watch?v=Ia3fRsYS0iQ;T-Spoon;Sex on the Beach - Ibiza Radio Mix;2011
43;www.hitstergame.com/nl/aaaa0029/00043;https://music.youtube.com/watch?v=BSPpwY72t_s;Henk Wijngaard;Ik Moet Nog Wat Jaren Mee;1991
44;www.hitstergame.com/nl/aaaa0029/00044;https://music.youtube.com/watch?v=CVAJIPFZ02g;VanVelzen;Baby Get Higher;2008
45;www.hitstergame.com/nl/aaaa0029/00045;https://music.youtube.com/watch?v=LpJRi8UVuNY;Doris D.,The Pins;Shine Up;1991
46;www.hitstergame.com/nl/aaaa0029/00046;https://music.youtube.com/watch?v=cdO6Q854dHc;Krystl;Golden Days;2011
47;www.hitstergame.com/nl/aaaa0029/00047;https://music.youtube.com/watch?v=oLIrZ23AzLo;Koos Alberts;Ik Verscheurde Je Foto;1984
48;www.hitstergame.com/nl/aaaa0029/00048;https://music.youtube.com/watch?v=feGTaNK8pTA;De Jeugd Van Tegenwoordig;Watskeburt?!;2010
49;www.hitstergame.com/nl/aaaa0029/00049;https://music.youtube.com/watch?v=OvSmdx1ukwc;Boudewijn de Groot;Avond;1996
50;www.hitstergame.com/nl/aaaa0029/00050;https://music.youtube.com/watch?v=A6GFu3JDd2g;Handsome Poets;Sky on Fire;2012
51;www.hitstergame.com/nl/aaaa0029/00051;https://music.youtube.com/watch?v=Obdv1jghXAE;Focus;Hocus Pocus;2010
52;www.hitstergame.com/nl/aaaa0029/00052;https://music.youtube.com/watch?v=ao8Jz6C8KaI;Metejoor,Hannah Mae;Wat Wil Je Van Mij;2022
53;www.hitstergame.com/nl/aaaa0029/00053;https://music.youtube.com/watch?v=tjPjBGjQMFc;John West,Lange Frans;Lekkerding;2016
54;www.hitstergame.com/nl/aaaa0029/00054;https://music.youtube.com/watch?v=t0K_i40JV3Y;Andre Hazes;Wij Houden Van Oranje;2006
55;www.hitstergame.com/nl/aaaa0029/00055;https://music.youtube.com/watch?v=NtD6HV4RqTI;Benny Neyman;Vrijgezel;1981
56;www.hitstergame.com/nl/aaaa0029/00056;https://music.youtube.com/watch?v=bqNsSSGZBh0;Vinzzent;Dromendans;2011
57;www.hitstergame.com/nl/aaaa0029/00057;https://music.youtube.com/watch?v=aysyNujONpY;Jamai;Step Right Up;2003
58;www.hitstergame.com/nl/aaaa0029/00058;https://music.youtube.com/watch?v=UpXOo1zqo6M;Nielson;IJskoud;2018
59;www.hitstergame.com/nl/aaaa0029/00059;https://music.youtube.com/watch?v=rKRLulH1moE;Lange Frans,Baas B;Het Land Van - Live;2005
60;www.hitstergame.com/nl/aaaa0029/00060;https://music.youtube.com/watch?v=Lal7Mni3FcA;Duncan Laurence;Arcade;2019
61;www.hitstergame.com/nl/aaaa0029/00061;https://music.youtube.com/watch?v=O3VeCrT-4RM;Toontje Lager;Stiekem Gedanst;1983
62;www.hitstergame.com/nl/aaaa0029/00062;https://music.youtube.com/watch?v=DDf-FOhXCd4;Rob De Nijs;Zondag;2022
63;www.hitstergame.com/nl/aaaa0029/00063;https://music.youtube.com/watch?v=PmkH7dUKrRs;Rene Froger;Winter in America;1988
64;www.hitstergame.com/nl/aaaa0029/00064;https://music.youtube.com/watch?v=lQ5MTFXAkjk;Koos Alberts;Zijn Het Je Ogen;1988
65;www.hitstergame.com/nl/aaaa0029/00065;https://music.youtube.com/watch?v=hLQ5X5IqS-o;Davina Michelle;Skyward;2019
66;www.hitstergame.com/nl/aaaa0029/00066;https://music.youtube.com/watch?v=MSNGLwLDqoY;Jeroen van Koningsbrugge;Wit Licht;2015
67;www.hitstergame.com/nl/aaaa0029/00067;https://music.youtube.com/watch?v=TI_-3RPIlGc;Jeroen Van Der Boom;Jij Bent Zo;2008
68;www.hitstergame.com/nl/aaaa0029/00068;https://music.youtube.com/watch?v=G__VDfSDRCg;De Kast;Hart Van Mijn Gevoel;1999
69;www.hitstergame.com/nl/aaaa0029/00069;https://music.youtube.com/watch?v=oUf4pCbYSfc;Alderliefste,Paul de Leeuw;Une Belle Histoire (Een Mooi Verhaal);2008
70;www.hitstergame.com/nl/aaaa0029/00070;https://music.youtube.com/watch?v=uDWXpKJMVdQ;Tambourine;High Under The Moon;2010
71;www.hitstergame.com/nl/aaaa0029/00071;https://music.youtube.com/watch?v=UENevdBrOG4;Causes;Teach Me How to Dance With You;2016
72;www.hitstergame.com/nl/aaaa0029/00072;https://music.youtube.com/watch?v=ZzCk_U1q3AU;Snollebollekes;Links Rechts;2017
73;www.hitstergame.com/nl/aaaa0029/00073;https://music.youtube.com/watch?v=3yUDJPXAwmU;De Dijk;Ik Kan Het Niet Alleen;1989
74;www.hitstergame.com/nl/aaaa0029/00074;https://music.youtube.com/watch?v=bA7nUsd9f9E;George Baker Selection;Paloma Blanca;2003
75;www.hitstergame.com/nl/aaaa0029/00075;https://music.youtube.com/watch?v=VcA-rUOZk-I;Rowwen Hèze;Bestel Mar (edit);1991
76;www.hitstergame.com/nl/aaaa0029/00076;https://music.youtube.com/watch?v=lXrNJWCowq4;Corry Konings;Huilen Is Voor Jou Te Laat;1994
77;www.hitstergame.com/nl/aaaa0029/00077;https://music.youtube.com/watch?v=H4Mw_SbIwK0;Claude;Ladada (Mon Dernier Mot);2022
78;www.hitstergame.com/nl/aaaa0029/00078;https://music.youtube.com/watch?v=KPC9gfdOpZA;Jody Bernal;Que Si, Que No - Sunclub Radio Mix;2000
79;www.hitstergame.com/nl/aaaa0029/00079;https://music.youtube.com/watch?v=A9ykOFnVbwo;Dave Stewart,Candy Dulfer;Lily Was Here (feat. Candy Dulfer);1990
80;www.hitstergame.com/nl/aaaa0029/00080;https://music.youtube.com/watch?v=weqRpLxBE2I;Tol & Tol;Eleni;1989
81;www.hitstergame.com/nl/aaaa0029/00081;https://music.youtube.com/watch?v=mnrQugxXGhs;What Fun!;The Right Side Won;1984
82;www.hitstergame.com/nl/aaaa0029/00082;https://music.youtube.com/watch?v=9IdPiRsOU9U;3JS;Je Vecht Nooit Alleen;2010
83;www.hitstergame.com/nl/aaaa0029/00083;https://music.youtube.com/watch?v=0aH46jKoe5s;Jacques Herb;Manuela;1972
84;www.hitstergame.com/nl/aaaa0029/00084;https://music.youtube.com/watch?v=QzjlypH0enI;Nico Landers;Liefde In De Nacht (Love Is In The Air);1994
85;www.hitstergame.com/nl/aaaa0029/00085;https://music.youtube.com/watch?v=pOCdkvTFtf8;MEAU;Dat heb jij gedaan;2021
86;www.hitstergame.com/nl/aaaa0029/00086;https://music.youtube.com/watch?v=-WFTNn2f_uU;The Opposites;Slapeloze Nachten;2012
87;www.hitstergame.com/nl/aaaa0029/00087;https://music.youtube.com/watch?v=gnL2xL5JgwU;The Underdog Project,Summermix;Summer Jam 2003 - Remix;2003
88;www.hitstergame.com/nl/aaaa0029/00088;https://music.youtube.com/watch?v=YA9oqWAlLPk;Jaap Reesema,Pommelien Thijs;Nu Wij Niet Meer Praten;2020
89;www.hitstergame.com/nl/aaaa0029/00089;https://music.youtube.com/watch?v=4gQee3B2vPM;Brainpower;Dansplaat;2002
90;www.hitstergame.com/nl/aaaa0029/00090;https://music.youtube.com/watch?v=uX7c5Cp_Qu4;Boudewijn de Groot;Jimmy - Originele Studio Versie;1973
91;www.hitstergame.com/nl/aaaa0029/00091;https://music.youtube.com/watch?v=uEMVLhmOLjA;Robby Valentine;Over And Over Again;1992
92;www.hitstergame.com/nl/aaaa0029/00092;https://music.youtube.com/watch?v=FcxUA-cgi9M;Alice Deejay;Will I Ever;2000
93;www.hitstergame.com/nl/aaaa0029/00093;https://music.youtube.com/watch?v=T0nXkvaLoxY;Hermes House Band;I Will Survive (Lalala), Original Radio Edit;1994
94;www.hitstergame.com/nl/aaaa0029/00094;https://music.youtube.com/watch?v=w89-PSKTN7U;André van Duin;Als De Zon Schijnt;1982
95;www.hitstergame.com/nl/aaaa0029/00095;https://music.youtube.com/watch?v=R_442XQN7jY;De Poema's;Mijn Houten Hart;2003
96;www.hitstergame.com/nl/aaaa0029/00096;https://music.youtube.com/watch?v=agnwB-kDTes;IOS;Altijd Wel Iemand;2005
97;www.hitstergame.com/nl/aaaa0029/00097;https://music.youtube.com/watch?v=Nomlgbc3lCQ;DI-RECT;Inside My Head;2001
98;www.hitstergame.com/nl/aaaa0029/00098;https://music.youtube.com/watch?v=l0lAwZw76sA;DI-RECT;Soldier On;2020
99;www.hitstergame.com/nl/aaaa0029/00099;https://music.youtube.com/watch?v=g1Wo02avGlE;Chipz;1001 Arabian Nights;2005
100;www.hitstergame.com/nl/aaaa0029/00100;https://music.youtube.com/watch?v=m0xGghl3k3U;Youp van 't Hek;Flappie;2011
101;www.hitstergame.com/nl/aaaa0029/00101;https://music.youtube.com/watch?v=XuF7isXseVk;Mr. Probz;Waves;2013
102;www.hitstergame.com/nl/aaaa0029/00102;https://music.youtube.com/watch?v=-7x0zKqZzp8;De Jazzpolitie;Liefdesliedjes;2015
103;www.hitstergame.com/nl/aaaa0029/00103;https://music.youtube.com/watch?v=ytJhjiV-Cec;De Jeugd Van Tegenwoordig;Sterrenstof;2010
104;www.hitstergame.com/nl/aaaa0029/00104;https://music.youtube.com/watch?v=gZ__F6cAUC8;Gordon,Re-Play;Never Nooit Meer (met Re-Play);1999
105;www.hitstergame.com/nl/aaaa0029/00105;https://music.youtube.com/watch?v=el7mxGc5Ju0;Rob De Nijs;Jan Klaassen De Trompetter;1973
106;www.hitstergame.com/nl/aaaa0029/00106;https://music.youtube.com/watch?v=pJDqKXmdbC8;Kadanz;De Wind;1989
107;www.hitstergame.com/nl/aaaa0029/00107;https://music.youtube.com/watch?v=uTpfN9jLxTI;Treble;Ramaganana;2006
108;www.hitstergame.com/nl/aaaa0029/00108;https://music.youtube.com/watch?v=LhAmOc3Hut8;Piet Veerman;Sailin' Home;1995
109;www.hitstergame.com/nl/aaaa0029/00109;https://music.youtube.com/watch?v=C2hQ-EauJyc;De Sjonnies;Dans Je De Hele Nacht Met Mij;2006
110;www.hitstergame.com/nl/aaaa0029/00110;https://music.youtube.com/watch?v=9VPG7SoNm7Y;Spooky & Sue;Swinging On A Star - Remastered;1974
111;www.hitstergame.com/nl/aaaa0029/00111;https://music.youtube.com/watch?v=hJETNvKYylg;Herman Brood & His Wild Romance;Never Be Clever;2001
112;www.hitstergame.com/nl/aaaa0029/00112;https://music.youtube.com/watch?v=elLij2gaqCU;Froukje,S10;Ik Haat Hem Voor Jou;2024
113;www.hitstergame.com/nl/aaaa0029/00113;https://music.youtube.com/watch?v=6sNWhmT_J5w;Miss Montreal,Beste Zangers;Door De Wind;2020
114;www.hitstergame.com/nl/aaaa0029/00114;https://music.youtube.com/watch?v=IwfFA5stD2M;Drs. P;Dodenrit;1999
115;www.hitstergame.com/nl/aaaa0029/00115;https://music.youtube.com/watch?v=XSuoCqf2De0;Hannah Mae;Waterdicht;2023
116;www.hitstergame.com/nl/aaaa0029/00116;https://music.youtube.com/watch?v=RBbr8yeFdSc;Teach In;Ding-A-Dong - NL Version;2017
117;www.hitstergame.com/nl/aaaa0029/00117;https://music.youtube.com/watch?v=lDAm2SIz-Gc;Claudia De Breij;Mag ik dan bij jou;2010
118;www.hitstergame.com/nl/aaaa0029/00118;https://music.youtube.com/watch?v=z2el4k-kJqs;Gers Pardoel;Louise;2014
119;www.hitstergame.com/nl/aaaa0029/00119;https://music.youtube.com/watch?v=SZNS1nA9OsU;Klein Orkest;Laat Mij Maar Alleen;1987
120;www.hitstergame.com/nl/aaaa0029/00120;https://music.youtube.com/watch?v=VyyBhiCGZBQ;Herman van Veen;Opzij;1979
121;www.hitstergame.com/nl/aaaa0029/00121;https://music.youtube.com/watch?v=oWYEVNoswz8;Rene Karst;Atje Voor De Sfeer;2019
122;www.hitstergame.com/nl/aaaa0029/00122;https://music.youtube.com/watch?v=t_DwrbARezE;Chef'Special;In Your Arms;2014
123;www.hitstergame.com/nl/aaaa0029/00123;https://music.youtube.com/watch?v=YChJREuvh-c;Normaal;Deurdonderen;1982
124;www.hitstergame.com/nl/aaaa0029/00124;https://music.youtube.com/watch?v=4u4d4GWdpo8;Martin Garrix,Bebe Rexha;In the Name of Love;2016
125;www.hitstergame.com/nl/aaaa0029/00125;https://music.youtube.com/watch?v=ZRBKcxsC8f8;André van Duin;Willempie;1976
126;www.hitstergame.com/nl/aaaa0029/00126;https://music.youtube.com/watch?v=d_5iFyBrwMM;Gordon;Omdat Ik Zo Van Je Hou (Pour Que Tu M'Aimes Encore);1996
127;www.hitstergame.com/nl/aaaa0029/00127;https://music.youtube.com/watch?v=-AbPnhj74-o;Monique Smit;Wild;2008
128;www.hitstergame.com/nl/aaaa0029/00128;https://music.youtube.com/watch?v=X-atFJHNwj0;Time Bandits;I'm Specialized in You;1990
129;www.hitstergame.com/nl/aaaa0029/00129;https://music.youtube.com/watch?v=rXt5Nrso46g;Leaf;Wonder Woman;2007
130;www.hitstergame.com/nl/aaaa0029/00130;https://music.youtube.com/watch?v=i9qbNvT-sVk;Total Touch;Touch Me There;1996
131;www.hitstergame.com/nl/aaaa0029/00131;https://music.youtube.com/watch?v=jBZQekJQMOY;Dingetje;Kaplaarzen;1992
132;www.hitstergame.com/nl/aaaa0029/00132;https://music.youtube.com/watch?v=qdYWn0_w-mA;Bingo Players;Cry (Just A Little) - Radio Edit;2011
133;www.hitstergame.com/nl/aaaa0029/00133;https://music.youtube.com/watch?v=He1G8_O-rQY;New Kids,Paul Elstak;Turbo;2010
134;www.hitstergame.com/nl/aaaa0029/00134;https://music.youtube.com/watch?v=XJUfDwG5VcU;Trijntje Oosterhuis;Vlieg met me mee (het avontuur);2008
135;www.hitstergame.com/nl/aaaa0029/00135;https://music.youtube.com/watch?v=FaoZ6ciEjR0;Starmaker;Damn, I Think I Love You;2022
136;www.hitstergame.com/nl/aaaa0029/00136;https://music.youtube.com/watch?v=W7wTe5z4ZeU;K-Liber;Viben;2004
137;www.hitstergame.com/nl/aaaa0029/00137;https://music.youtube.com/watch?v=ST-0Udw1s9c;Bertus Staigerpaip;Wij Zijn De Jongens Van De Bouw;1995
138;www.hitstergame.com/nl/aaaa0029/00138;https://music.youtube.com/watch?v=BlCtjojn0OQ;Joost;Europapa;2024
139;www.hitstergame.com/nl/aaaa0029/00139;https://music.youtube.com/watch?v=FScUm1HN_Bg;Volumia!;Hou me vast;1998
140;www.hitstergame.com/nl/aaaa0029/00140;https://music.youtube.com/watch?v=PvfbyJg9FSo;Valensia;Gaia;1993
141;www.hitstergame.com/nl/aaaa0029/00141;https://music.youtube.com/watch?v=L6zNqowmT-8;Jannes;Laat De Zon Maar Schijnen;2007
142;www.hitstergame.com/nl/aaaa0029/00142;https://music.youtube.com/watch?v=NgzAzKsK0ew;Nick & Simon;Pak Maar M'n Hand;2007
143;www.hitstergame.com/nl/aaaa0029/00143;https://music.youtube.com/watch?v=WRfS-Pkv1NY;Nick & Simon;De Soldaat;2006
144;www.hitstergame.com/nl/aaaa0029/00144;https://music.youtube.com/watch?v=4qh5j8mLNpo;Mouth & MacNeal;How Do You Do?;2014
145;www.hitstergame.com/nl/aaaa0029/00145;https://music.youtube.com/watch?v=nXpzVAInHTs;Jan Smit;Als De Morgen Is Gekomen;2006
146;www.hitstergame.com/nl/aaaa0029/00146;https://music.youtube.com/watch?v=P16Ab8X-rdk;Herman Brood & His Wild Romance;Saturday Night;1978
147;www.hitstergame.com/nl/aaaa0029/00147;https://music.youtube.com/watch?v=debOdnnRlNE;Wim Sonneveld;Het Dorp - Single Version;1989
148;www.hitstergame.com/nl/aaaa0029/00148;https://music.youtube.com/watch?v=a73JujLmMTA;Claude;Écoutez-moi;2024
149;www.hitstergame.com/nl/aaaa0029/00149;https://music.youtube.com/watch?v=W8RHnKhlgCs;RONDÉ;Undecided;2024
150;www.hitstergame.com/nl/aaaa0029/00150;https://music.youtube.com/watch?v=laaFc8A8JW0;Kris Kross Amsterdam,Maan,Tabitha,Bizzey;Hij Is Van Mij (feat. Bizzey);2018
151;www.hitstergame.com/nl/aaaa0029/00151;https://music.youtube.com/watch?v=bpGJqJ53oEc;Tiësto;The Business;2020
152;www.hitstergame.com/nl/aaaa0029/00152;https://music.youtube.com/watch?v=P8noIamM27A;3JS;Wiegelied;2007
153;www.hitstergame.com/nl/aaaa0029/00153;https://music.youtube.com/watch?v=BQ4q7kAdorU;Caro Emerald;A Night Like This;2010
154;www.hitstergame.com/nl/aaaa0029/00154;https://music.youtube.com/watch?v=xPJGBdsj8UU;V.O.F. De Kunst;Een Kopje Koffie;1996
155;www.hitstergame.com/nl/aaaa0029/00155;https://music.youtube.com/watch?v=Sjvtga8oqv8;The V-Boys;Koud he;1987
156;www.hitstergame.com/nl/aaaa0029/00156;https://music.youtube.com/watch?v=bt3M3vqBNC4;Douwe Bob;This World Is Our Home;2023
157;www.hitstergame.com/nl/aaaa0029/00157;https://music.youtube.com/watch?v=J56CeksjHUc;Martin Morero;Echte Liefde;2005
158;www.hitstergame.com/nl/aaaa0029/00158;https://music.youtube.com/watch?v=3amGEciXEmw;Acda en de Munnik;Niet Of Nooit Geweest;1998
159;www.hitstergame.com/nl/aaaa0029/00159;https://music.youtube.com/watch?v=Gh6jpP4_xkA;Roberto Jacketti & The Scooters;I Save The Day;1984
160;www.hitstergame.com/nl/aaaa0029/00160;https://music.youtube.com/watch?v=x5EDOXkVyHU;Kadanz;Intimiteit;1990
161;www.hitstergame.com/nl/aaaa0029/00161;https://music.youtube.com/watch?v=7QhZBPyJS4Q;Gerard Joling;Ticket To The Tropics;1985
162;www.hitstergame.com/nl/aaaa0029/00162;https://music.youtube.com/watch?v=s-OSFyZtjj0;Tatjana;Chica Cubana;1993
163;www.hitstergame.com/nl/aaaa0029/00163;https://music.youtube.com/watch?v=46uiII6Tnzg;2 Brothers On The 4th Floor;Come Take My Hand;1995
164;www.hitstergame.com/nl/aaaa0029/00164;https://music.youtube.com/watch?v=djDJaNF9ZTw;Saskia & Serge;Als Je Zachtjes Zegt 'Ik Hou Van Jou';1992
165;www.hitstergame.com/nl/aaaa0029/00165;https://music.youtube.com/watch?v=oy-aDVPFBOA;Extince;Spraakwater.;2020
166;www.hitstergame.com/nl/aaaa0029/00166;https://music.youtube.com/watch?v=_WXE1JyZUkA;Spargo;You And Me;2019
167;www.hitstergame.com/nl/aaaa0029/00167;https://music.youtube.com/watch?v=bqadWqMmC5o;Kensington;War;2014
168;www.hitstergame.com/nl/aaaa0029/00168;https://music.youtube.com/watch?v=KRQPDlKoaWk;Vengaboys;We Like To Party! (The Vengabus);1999
169;www.hitstergame.com/nl/aaaa0029/00169;https://music.youtube.com/watch?v=PUcBCZp7raU;Veldhuis & Kemper;Ik Wou Dat Ik Jou Was;2003
170;www.hitstergame.com/nl/aaaa0029/00170;https://music.youtube.com/watch?v=KBnkMvcjLhA;Ronnie Flex,Frenna;Energie;2017
171;www.hitstergame.com/nl/aaaa0029/00171;https://music.youtube.com/watch?v=o9JTtQZ4iAw;The Common Linnets;Calm After The Storm - Radio Edit;2014
172;www.hitstergame.com/nl/aaaa0029/00172;https://music.youtube.com/watch?v=LquFghQFXFQ;Henk Westbroek;Zelfs Je Naam Is Mooi;1998
173;www.hitstergame.com/nl/aaaa0029/00173;https://music.youtube.com/watch?v=XpCUbmAsxwQ;Nits;In the Dutch Mountains;1987
174;www.hitstergame.com/nl/aaaa0029/00174;https://music.youtube.com/watch?v=101-y-Bv7A8;FÄIS,AFROJACK;Hey;2016
175;www.hitstergame.com/nl/aaaa0029/00175;https://music.youtube.com/watch?v=GQFH4XMYDYk;Centerfold;Dictator;1990
176;www.hitstergame.com/nl/aaaa0029/00176;https://music.youtube.com/watch?v=sV7X3eeyMco;Frank Boeijen Groep;Kronenburg Park;1985
177;www.hitstergame.com/nl/aaaa0029/00177;https://music.youtube.com/watch?v=PHLsuJkWIKY;Tino Martin,Mart Hoogkamer;Hartslag Van De Stad;2023
178;www.hitstergame.com/nl/aaaa0029/00178;https://music.youtube.com/watch?v=x4G1lj4n_WE;Guillermo,Tropical Danny;Toppertje! - Original Mix;2006
179;www.hitstergame.com/nl/aaaa0029/00179;https://music.youtube.com/watch?v=RcSQdM2-rWc;Go Back To The Zoo;Electric;2010
180;www.hitstergame.com/nl/aaaa0029/00180;https://music.youtube.com/watch?v=MNVq6c6Qo7M;Tino Martin;Zij Weet Het - Studio Versie;2018
181;www.hitstergame.com/nl/aaaa0029/00181;https://music.youtube.com/watch?v=Si1_HRXimEI;Stef Ekkel,Rene Karst;Liever Te Dik In De Kist;2016
182;www.hitstergame.com/nl/aaaa0029/00182;https://music.youtube.com/watch?v=FvkLjNtf8eA;Gerard Alderliefste,Alderliefste;Laat Me / Vivre - Single versie;2005
183;www.hitstergame.com/nl/aaaa0029/00183;https://music.youtube.com/watch?v=zXicsl-bzL4;Niels Geusebroek;Take Your Time Girl (live at ruud de wild/538);2013
184;www.hitstergame.com/nl/aaaa0029/00184;https://music.youtube.com/watch?v=dQDVN4WM9lg;Wulf;All Things Under The Sun;2019
185;www.hitstergame.com/nl/aaaa0029/00185;https://music.youtube.com/watch?v=QIIoyk1ACEo;BLØF;Harder Dan Ik Hebben Kan;1999
186;www.hitstergame.com/nl/aaaa0029/00186;https://music.youtube.com/watch?v=B-4hZqD2XeE;Alice Deejay;Back in My Life;2000
187;www.hitstergame.com/nl/aaaa0029/00187;https://music.youtube.com/watch?v=oXndXJB69IA;Sef;De Leven;2011
188;www.hitstergame.com/nl/aaaa0029/00188;https://music.youtube.com/watch?v=5nD426vgJsQ;Frans Duijts;Jij Denkt Maar Dat Je Alles Mag Van Mij;2008
189;www.hitstergame.com/nl/aaaa0029/00189;https://music.youtube.com/watch?v=inXlMMfThms;Toontje Lager;Net Als In De Film;1982
190;www.hitstergame.com/nl/aaaa0029/00190;https://music.youtube.com/watch?v=HqMcBr4BWU0;Tol Hansse;Big City - Orginele Versie 1978;1993
191;www.hitstergame.com/nl/aaaa0029/00191;https://music.youtube.com/watch?v=WQixgXKmpxQ;Anouk;Girl;2004
192;www.hitstergame.com/nl/aaaa0029/00192;https://music.youtube.com/watch?v=GQ82rsWufhQ;Twarres;Wêr Bisto;2001
193;www.hitstergame.com/nl/aaaa0029/00193;https://music.youtube.com/watch?v=TDhXXB300GY;Wulf;Mind Made Up;2019
194;www.hitstergame.com/nl/aaaa0029/00194;https://music.youtube.com/watch?v=LfNVuUkyc1o;Snelle;Reünie;2019
195;www.hitstergame.com/nl/aaaa0029/00195;https://music.youtube.com/watch?v=o264T4QlxSo;Jurk!;Zou Zo Graag;2010
196;www.hitstergame.com/nl/aaaa0029/00196;https://music.youtube.com/watch?v=1OvAPHGbivk;Bizzey,Jozo,Kraantje Pappie;Traag;2017
197;www.hitstergame.com/nl/aaaa0029/00197;https://music.youtube.com/watch?v=75c4gpOqlZA;Django Wagner;Kali;2009
198;www.hitstergame.com/nl/aaaa0029/00198;https://music.youtube.com/watch?v=FNKDYbsP_jg;Maan;Ze Huilt Maar Ze Lacht;2019
199;www.hitstergame.com/nl/aaaa0029/00199;https://music.youtube.com/watch?v=t6LlNlPi2Uk;Marianne Weber;Ik Weet Dat Er Een Ander Is;2010
200;www.hitstergame.com/nl/aaaa0029/00200;https://music.youtube.com/watch?v=XccW-8GI7cg;Pussycat;Mississippi;1976
201;www.hitstergame.com/nl/aaaa0029/00201;https://music.youtube.com/watch?v=Lm0ZFtJWpDQ;Tiësto;Traffic - Radio Edit;2004
202;www.hitstergame.com/nl/aaaa0029/00202;https://music.youtube.com/watch?v=UCvX656hxHk;Twenty 4 Seven,Stay-C;Slave To The Music;1993
203;www.hitstergame.com/nl/aaaa0029/00203;https://music.youtube.com/watch?v=sCgow8cUoYs;Mart Hoogkamer;Ik Ga Zwemmen;2021
204;www.hitstergame.com/nl/aaaa0029/00204;https://music.youtube.com/watch?v=6f7hrmHmqxs;Skik;Op Fietse;1997
205;www.hitstergame.com/nl/aaaa0029/00205;https://music.youtube.com/watch?v=MBIvIHe2em4;Gerard Joling;Liefde Op Het Eerste Gezicht;1995
206;www.hitstergame.com/nl/aaaa0029/00206;https://music.youtube.com/watch?v=7kIxo_gPlc0;Tim Dawn;To Love Somebody;2020
207;www.hitstergame.com/nl/aaaa0029/00207;https://music.youtube.com/watch?v=abxVzuJ_GrA;Frans Halsema;Voor Haar;1985
208;www.hitstergame.com/nl/aaaa0029/00208;https://music.youtube.com/watch?v=Aic7fSKPF2U;Lange Frans,Baas B,Ninthe;Zinloos;2004
209;www.hitstergame.com/nl/aaaa0029/00209;https://music.youtube.com/watch?v=jdwKcTENeQM;Jan Smit;Vrienden Voor Het Leven;2007
210;www.hitstergame.com/nl/aaaa0029/00210;https://music.youtube.com/watch?v=hHid1B5b4ZA;The Cats;Let's Dance;2003
211;www.hitstergame.com/nl/aaaa0029/00211;https://music.youtube.com/watch?v=M503j1EDMf0;Ties;Denk Aan Mij;2002
212;www.hitstergame.com/nl/aaaa0029/00212;https://music.youtube.com/watch?v=0IIN7Rz8q8s;Judith;You;2001
213;www.hitstergame.com/nl/aaaa0029/00213;https://music.youtube.com/watch?v=U7mbL77V_XA;Andre Hazes,Gerard Joling;Blijf Bij Mij (Dit Zijn Voor Mij De Allermooiste Uren);2010
214;www.hitstergame.com/nl/aaaa0029/00214;https://music.youtube.com/watch?v=IKt11oim57Q;Maaike Ouboter;Dat Ik Je Mis;2015
215;www.hitstergame.com/nl/aaaa0029/00215;https://music.youtube.com/watch?v=I7B_ZcCMrxE;Diggy Dex,Eva de Rovere;Slaap lekker (Fantastig toch);2010
216;www.hitstergame.com/nl/aaaa0029/00216;https://music.youtube.com/watch?v=zHiztX3PqOc;Marcel De Groot;Mag Ik Naar Je Kijken?;1995
217;www.hitstergame.com/nl/aaaa0029/00217;https://music.youtube.com/watch?v=9k9ZNf_aJUM;Fluitsma & van Tijn;15 Miljoen Mensen;2013
218;www.hitstergame.com/nl/aaaa0029/00218;https://music.youtube.com/watch?v=HquSJ2otumU;DINAND;Dreamer - Simple Song Mix;2004
219;www.hitstergame.com/nl/aaaa0029/00219;https://music.youtube.com/watch?v=2llJTPios1A;Intwine;Cruel Man;2004
220;www.hitstergame.com/nl/aaaa0029/00220;https://music.youtube.com/watch?v=awioCzuEJb0;Het Goede Doel;Alles Geprobeerd;1986
221;www.hitstergame.com/nl/aaaa0029/00221;https://music.youtube.com/watch?v=YfhZ69OWoLo;Ruth Jacott;Vrede;1993
222;www.hitstergame.com/nl/aaaa0029/00222;https://music.youtube.com/watch?v=6dOaP_sE5Bo;Dotan;Home;2014
223;www.hitstergame.com/nl/aaaa0029/00223;https://music.youtube.com/watch?v=icLv4sUYlWY;Luv';You`re The Greatest Lover;2014
224;www.hitstergame.com/nl/aaaa0029/00224;https://music.youtube.com/watch?v=8UAgwM38jrc;Twarres;She Couldn't Laugh;2001
225;www.hitstergame.com/nl/aaaa0029/00225;https://music.youtube.com/watch?v=kaTviWvNkrI;Alain Clark;Father & Friend;2007
226;www.hitstergame.com/nl/aaaa0029/00226;https://music.youtube.com/watch?v=JCNJT6O_H-4;Paul de Leeuw,Simone Kleinsma;Zonder Jou;2006
227;www.hitstergame.com/nl/aaaa0029/00227;https://music.youtube.com/watch?v=aK6Q2WuiK-4;Golden Earring;Weekend Love;1979
228;www.hitstergame.com/nl/aaaa0029/00228;https://music.youtube.com/watch?v=MTvn3F-0NXg;Maywood;Rio;2006
229;www.hitstergame.com/nl/aaaa0029/00229;https://music.youtube.com/watch?v=pLX83Ku3T8A;Kraantje Pappie,Joshua Nolet;Liefde In De Lucht;2018
230;www.hitstergame.com/nl/aaaa0029/00230;https://music.youtube.com/watch?v=Hs14zwg4leM;Normaal;Oerend Hard;2008
231;www.hitstergame.com/nl/aaaa0029/00231;https://music.youtube.com/watch?v=aQl2R_i7G34;K-otic;Falling;2002
232;www.hitstergame.com/nl/aaaa0029/00232;https://music.youtube.com/watch?v=i-K2_g6Ezi0;Snollebollekes;Vrouwkes;2019
233;www.hitstergame.com/nl/aaaa0029/00233;https://music.youtube.com/watch?v=q8XQRfTgaCE;2 Unlimited;Get Ready;1992
234;www.hitstergame.com/nl/aaaa0029/00234;https://music.youtube.com/watch?v=prjdayWQkJY;KidB,Martin Van Der Starre;Una Paloma Blanca Heel De Zomer Lang;2012
235;www.hitstergame.com/nl/aaaa0029/00235;https://music.youtube.com/watch?v=gadrTxxrBIQ;Hanny;Maar Vanavond Heb Ik Hoofdpijn;1990
236;www.hitstergame.com/nl/aaaa0029/00236;https://music.youtube.com/watch?v=EyEhFOcVrjY;Kensington;Sorry;2016
237;www.hitstergame.com/nl/aaaa0029/00237;https://music.youtube.com/watch?v=s72lks_p9Eo;Tröckener Kecks;Met Hart En Ziel;1990
238;www.hitstergame.com/nl/aaaa0029/00238;https://music.youtube.com/watch?v=v5TnnP3Iexc;Klein Orkest;Over De Muur;1987
239;www.hitstergame.com/nl/aaaa0029/00239;https://music.youtube.com/watch?v=AVQxyg9uF7c;Racoon;Love You More;2005
240;www.hitstergame.com/nl/aaaa0029/00240;https://music.youtube.com/watch?v=LbiXU8o3PTs;Kayak;Ruthless Queen;1978
241;www.hitstergame.com/nl/aaaa0029/00241;https://music.youtube.com/watch?v=OoGv1-0GuYk;Wolter Kroes;Ik Heb De Hele Nacht Liggen Dromen;2000
242;www.hitstergame.com/nl/aaaa0029/00242;https://music.youtube.com/watch?v=HbSPhHbPv2k;Bakermat;One Day (Vandaag) - Radio Edit;2014
243;www.hitstergame.com/nl/aaaa0029/00243;https://music.youtube.com/watch?v=a3RRHL0H0h0;Claw Boys Claw;Rosie;2007
244;www.hitstergame.com/nl/aaaa0029/00244;https://music.youtube.com/watch?v=_B7vRm2gS5c;KANE;No Surrender;2009
245;www.hitstergame.com/nl/aaaa0029/00245;https://music.youtube.com/watch?v=eHEPu3mkVS4;Earth & Fire;Memories;2001
246;www.hitstergame.com/nl/aaaa0029/00246;https://music.youtube.com/watch?v=FhCyrKMxj7E;Rene Schuurmans;Laat De Zon In Je Hart;2008
247;www.hitstergame.com/nl/aaaa0029/00247;https://music.youtube.com/watch?v=p2I4ibjOd98;Armin van Buuren,Chef'Special;Larger Than Life;2024
248;www.hitstergame.com/nl/aaaa0029/00248;https://music.youtube.com/watch?v=Yy9iB7ZOlYo;BZN;Mon Amour;1977
249;www.hitstergame.com/nl/aaaa0029/00249;https://music.youtube.com/watch?v=e9LCnZ3hK50;Jeckyll & Hyde;Freefall;2017
250;www.hitstergame.com/nl/aaaa0029/00250;https://music.youtube.com/watch?v=Wil4tc42om4;Peter De Koning;Het Is Altijd Lente in De Ogen Van De Tandartsassistente;1995
251;www.hitstergame.com/nl/aaaa0029/00251;https://music.youtube.com/watch?v=g2PUdgocnWc;Monique Smit;Blijf Je Vanavond;2008
252;www.hitstergame.com/nl/aaaa0029/00252;https://music.youtube.com/watch?v=rLiuf5QFqpg;Van Dik Hout;Stil In Mij;1995
253;www.hitstergame.com/nl/aaaa0029/00253;https://music.youtube.com/watch?v=9faMRT9HrZI;Roxy Dekker;Sugardaddy;2024
254;www.hitstergame.com/nl/aaaa0029/00254;https://music.youtube.com/watch?v=sO59FOX6mYo;Son Mieux;Tonight;2023
255;www.hitstergame.com/nl/aaaa0029/00255;https://music.youtube.com/watch?v=LZ713TwI0OU;Doe Maar;Sinds 1 Dag Of 2 (32 Jaar);1981
256;www.hitstergame.com/nl/aaaa0029/00256;https://music.youtube.com/watch?v=9k6-Tl29nGU;KANE;Rain Down on Me;2003
257;www.hitstergame.com/nl/aaaa0029/00257;https://music.youtube.com/watch?v=MWxopWLwKv4;Suzan & Freek;Goud;2021
258;www.hitstergame.com/nl/aaaa0029/00258;https://music.youtube.com/watch?v=a3Laqd2Ahf0;The Scene;Blauw;1990
259;www.hitstergame.com/nl/aaaa0029/00259;https://music.youtube.com/watch?v=ITx2xnXTR2o;Wildstylez,Niels Geusebroek;Year Of Summer;2012
260;www.hitstergame.com/nl/aaaa0029/00260;https://music.youtube.com/watch?v=rI0EX6kRiVw;Vitesse;Rosalyn;1992
261;www.hitstergame.com/nl/aaaa0029/00261;https://music.youtube.com/watch?v=hZjBWb6zAhY;Gerard Cox;'T Is Weer Voorbij Die Mooie Zomer;2015
262;www.hitstergame.com/nl/aaaa0029/00262;https://music.youtube.com/watch?v=Nd3eX9w7Cb4;Frans Bauer;Heb Je Even Voor Mij;2002
263;www.hitstergame.com/nl/aaaa0029/00263;https://music.youtube.com/watch?v=50uyb8hyDE8;Ilse DeLange;So Incredible;2008
264;www.hitstergame.com/nl/aaaa0029/00264;https://music.youtube.com/watch?v=sHNhQbuZWbQ;Krezip;Sweet Goodbyes;2009
265;www.hitstergame.com/nl/aaaa0029/00265;https://music.youtube.com/watch?v=GFdTQ7q2zCo;Paul de Leeuw;Ik Wil Niet Dat Je Liegt;1994
266;www.hitstergame.com/nl/aaaa0029/00266;https://music.youtube.com/watch?v=6tR6RkGCk84;Racoon;Oceaan;2013
267;www.hitstergame.com/nl/aaaa0029/00267;https://music.youtube.com/watch?v=5q5_HIYaYzU;AFROJACK,Eva Simons;Take Over Control (feat. Eva Simons) - Radio Edit;2010
268;www.hitstergame.com/nl/aaaa0029/00268;https://music.youtube.com/watch?v=2Y37mDq6LCw;Robert van Hemert;Zoet, Zout, Zuur;2023
269;www.hitstergame.com/nl/aaaa0029/00269;https://music.youtube.com/watch?v=A4mou8k12oo;Benny Neyman;Ik Weet Niet Hoe;1980
270;www.hitstergame.com/nl/aaaa0029/00270;https://music.youtube.com/watch?v=b-biOf2l4lE;Anita Meyer;Why Tell Me Why;2010
271;www.hitstergame.com/nl/aaaa0029/00271;https://music.youtube.com/watch?v=DYf28lOb8KU;Martin Garrix;Animals - Radio Edit;2013
272;www.hitstergame.com/nl/aaaa0029/00272;https://music.youtube.com/watch?v=6BlYVlepE8Q;Pater Moeskroen;Roodkapje;1991
273;www.hitstergame.com/nl/aaaa0029/00273;https://music.youtube.com/watch?v=JKI80MKehXU;Herman van Veen;Hilversum 3 (Lang Scho Nimma G Sehn);1984
274;www.hitstergame.com/nl/aaaa0029/00274;https://music.youtube.com/watch?v=44-nhE-xW8k;Harry Klorkestein;O O Den Haag;1996
275;www.hitstergame.com/nl/aaaa0029/00275;https://music.youtube.com/watch?v=eao-p38zI68;Renée De Haan;Vuile Huichelaar;1988
276;www.hitstergame.com/nl/aaaa0029/00276;https://music.youtube.com/watch?v=UPysn2zH2So;Splitsing;Wind en zeilen;2019
277;www.hitstergame.com/nl/aaaa0029/00277;https://music.youtube.com/watch?v=iKuZHEDIWoA;Glennis Grace;Afscheid;2017
278;www.hitstergame.com/nl/aaaa0029/00278;https://music.youtube.com/watch?v=6OnqdV2X_Ck;Ramses Shaffy;Zing-Vecht-Huil-Bid-Lach-Werk En Bewonder;1990
279;www.hitstergame.com/nl/aaaa0029/00279;https://music.youtube.com/watch?v=BxTUzl_mFEE;Mai Tai;History;1984
280;www.hitstergame.com/nl/aaaa0029/00280;https://music.youtube.com/watch?v=oRayjUAihpw;Trafassi;Wasmasjien;2014
281;www.hitstergame.com/nl/aaaa0029/00281;https://music.youtube.com/watch?v=D31ix_9e8Aw;Golden Earring;When The Lady Smiles;1984
282;www.hitstergame.com/nl/aaaa0029/00282;https://music.youtube.com/watch?v=AF-ksRh-B6Y;MEAU;Stukje Van Mij;2024
283;www.hitstergame.com/nl/aaaa0029/00283;https://music.youtube.com/watch?v=hpa17oXBV9A;RONDÉ;Hard To Say Goodbye;2021
284;www.hitstergame.com/nl/aaaa0029/00284;https://music.youtube.com/watch?v=t45_69X3MWk;V.O.F. De Kunst;Suzanne;1996
285;www.hitstergame.com/nl/aaaa0029/00285;https://music.youtube.com/watch?v=ptytmHe838g;The Boy Next Door,Fresh Coast,Jody Bernal;La Colegiala (feat. Jody Bernal);2017
286;www.hitstergame.com/nl/aaaa0029/00286;https://music.youtube.com/watch?v=pBRu6uGEyPE;Bram Vermeulen;De Steen;1988
287;www.hitstergame.com/nl/aaaa0029/00287;https://music.youtube.com/watch?v=XUaHrefzJzQ;AFROJACK,WRABEL;Ten Feet Tall;2014
288;www.hitstergame.com/nl/aaaa0029/00288;https://music.youtube.com/watch?v=kmHhzRdEnxQ;De Poema's;Zij Maakt Het Verschil;2003
289;www.hitstergame.com/nl/aaaa0029/00289;https://music.youtube.com/watch?v=2LEeqD2Sr_s;Holland;Aanvallen;1988
290;www.hitstergame.com/nl/aaaa0029/00290;https://music.youtube.com/watch?v=D6DP_65TtOk;Yves Berendse;Terug In De Tijd;2023
291;www.hitstergame.com/nl/aaaa0029/00291;https://music.youtube.com/watch?v=UjPFEeR3h1c;Kris Kross Amsterdam,Donnie,Tino Martin;Vanavond (Uit M'n Bol);2022
292;www.hitstergame.com/nl/aaaa0029/00292;https://music.youtube.com/watch?v=qs-5Y71PO74;Willem & Jan,Waylon,Jan Smit;Tussen Jou en Mij;2022
293;www.hitstergame.com/nl/aaaa0029/00293;https://music.youtube.com/watch?v=h97j6nuSPF0;John De Bever;Jij Krijgt Die Lach Niet Van Mijn Gezicht;2017
294;www.hitstergame.com/nl/aaaa0029/00294;https://music.youtube.com/watch?v=G_J3QQJC6U4;Frank Van Etten;Huisje Op Wielen;2019
295;www.hitstergame.com/nl/aaaa0029/00295;https://music.youtube.com/watch?v=E13IzTw7cRI;Dennie Christian;Wij Zijn Twee Vrienden;2013
296;www.hitstergame.com/nl/aaaa0029/00296;https://music.youtube.com/watch?v=1SN3-qR3Bq0;Armin van Buuren,Trevor Guthrie;This Is What It Feels Like;2013
297;www.hitstergame.com/nl/aaaa0029/00297;https://music.youtube.com/watch?v=lAvGxxh8YZU;Circus Custers;Verliefd;2002
298;www.hitstergame.com/nl/aaaa0029/00298;https://music.youtube.com/watch?v=C-3EtDbVj44;Ron Brandsteder;Engelen Bestaan Niet;1987
299;www.hitstergame.com/nl/aaaa0029/00299;https://music.youtube.com/watch?v=F-f_UuqrZGU;Waylon;Wicked Way;2009
300;www.hitstergame.com/nl/aaaa0029/00300;https://music.youtube.com/watch?v=AgX1GlZWlfE;Lois Lane;Fortune Fairytales;1990
301;www.hitstergame.com/nl/aaaa0029/00301;https://music.youtube.com/watch?v=mnHjfUPkn7U;FLEMMING;Zij Wil Mij;2022
302;www.hitstergame.com/nl/aaaa0029/00302;https://music.youtube.com/watch?v=col88Egj8-4;Bloem;Even Aan Mijn Moeder Vragen;1976
303;www.hitstergame.com/nl/aaaa0029/00303;https://music.youtube.com/watch?v=TUZyT00Cysg;Lucifer;House For Sale;1975
304;www.hitstergame.com/nl/aaaa0029/00304;https://music.youtube.com/watch?v=Ics05z-GG6Y;MC Miker & DJ Sven;Holiday Rap - Version 1986;2012
305;www.hitstergame.com/nl/aaaa0029/00305;https://music.youtube.com/watch?v=Oo9X4RY2Uio;Vandenberg;Burning Heart;1982
306;www.hitstergame.com/nl/aaaa0029/00306;https://music.youtube.com/watch?v=BFNAR2SPisw;Andre Hazes;Ik Meen 't;1984
307;www.hitstergame.com/nl/aaaa0029/00307;https://music.youtube.com/watch?v=-ALIQ3h2SWw;Max Werner;Rain In May;1981
308;www.hitstergame.com/nl/aaaa0029/00308;https://music.youtube.com/watch?v=vVex5HrzYq8;Sam Feldt,Lucas & Steve,Wulf;Summer On You (feat. Wulf);2016
