id;hitster_url;youtube_url;artist;title;year
1;www.hitstergame.com/nl/00001;https://music.youtube.com/watch?v=E7zmRvhFEYo;Barry White;You're The First, The Last, My Everything;1988
2;www.hitstergame.com/nl/00002;https://music.youtube.com/watch?v=ExkmlgRNIhM;Cyndi Lauper;True Colors;1986
3;www.hitstergame.com/nl/00003;https://music.youtube.com/watch?v=a136H5K3OKw;the Dashboard Light;Paradise;2022
4;www.hitstergame.com/nl/00004;https://music.youtube.com/watch?v=ejblUwF2V-8;Peter!;Kom Van Dat Dak Af;2012
5;www.hitstergame.com/nl/00005;https://music.youtube.com/watch?v=zKmsZzJQJV0;Nielson;Sexy als ik dans;2016
6;www.hitstergame.com/nl/00006;https://music.youtube.com/watch?v=hToYLtkLwlw;Taio Cruz;Hangover;2011
7;www.hitstergame.com/nl/00007;https://music.youtube.com/watch?v=wU26xVT_vBU;Daft Punk;One More Time (Radio Edit);2000
8;www.hitstergame.com/nl/00008;https://music.youtube.com/watch?v=aB7yt8tF2TI;Gipsy Kings;Volare (Nel Blu di Pinto di Blu);1989
9;www.hitstergame.com/nl/00009;https://music.youtube.com/watch?v=ZRMcMuxRuKQ;Kaoma;Lambada (Original Radio Edit);1989
10;www.hitstergame.com/nl/00010;https://music.youtube.com/watch?v=SgFPE7-mha4;Bob Marley;No Woman, No Cry (Eric “E.T.” Thorngren Remix);1984
11;www.hitstergame.com/nl/00011;https://music.youtube.com/watch?v=1l_V3ennWOE;Erma Franklin;Piece of My Heart;2009
12;www.hitstergame.com/nl/00012;https://music.youtube.com/watch?v=oMfMUfgjiLg;Guns N' Roses;Sweet Child O' Mine;1987
13;www.hitstergame.com/nl/00013;https://music.youtube.com/watch?v=i5_asj1BGFs;Eurythmics;Sweet Dreams (Are Made of This);1983
14;www.hitstergame.com/nl/00014;https://music.youtube.com/watch?v=tql5Mnm6Xq4;Doe Maar;1 Nacht Alleen;1983
15;www.hitstergame.com/nl/00015;https://music.youtube.com/watch?v=Dalk4YeK5Xw;Sinead O'Connor;Nothing Compares 2 U;1990
16;www.hitstergame.com/nl/00016;https://music.youtube.com/watch?v=T6xbOPSUe8M;Beyoncé;Crazy In Love;2003
17;www.hitstergame.com/nl/00017;https://music.youtube.com/watch?v=wnKc4zi0MLA;Rick James;Super Freak;1981
18;www.hitstergame.com/nl/00018;https://music.youtube.com/watch?v=jvhDx19W9M0;De Dijk;Mag Het Licht Uit;1987
19;www.hitstergame.com/nl/00019;https://music.youtube.com/watch?v=31crA53Dgu0;Sia;Cheap Thrills (Performance Edit);2022
20;www.hitstergame.com/nl/00020;https://music.youtube.com/watch?v=_odAMdIXX_E;The Platters;Smoke Gets in Your Eyes;1959
21;www.hitstergame.com/nl/00021;https://music.youtube.com/watch?v=vTMAa6zZ7jY;Lukas Graham;7 Years;2015
22;www.hitstergame.com/nl/00022;https://music.youtube.com/watch?v=cVWOEx4Xdhs;Lorde;Royals;2013
23;www.hitstergame.com/nl/00023;https://music.youtube.com/watch?v=KppzgE2enQM;Jacques Brel;Marieke;2003
24;www.hitstergame.com/nl/00024;https://music.youtube.com/watch?v=D126_4Nd9-k;Laura Jansen;Wicked World;2009
25;www.hitstergame.com/nl/00025;https://music.youtube.com/watch?v=r6FVk2k4qsM;2 Unlimited;No Limit;1993
26;www.hitstergame.com/nl/00026;https://music.youtube.com/watch?v=yGxHDmHoqXc;The Cranberries;Zombie;1994
27;www.hitstergame.com/nl/00027;https://music.youtube.com/watch?v=1V4fLjFP3OM;Alessia Cara;Scars To Your Beautiful;2015
28;www.hitstergame.com/nl/00028;https://music.youtube.com/watch?v=FXG_I_tf_i4;Rupert Holmes;Escape (The Pina Colada Song);1979
29;www.hitstergame.com/nl/00029;https://music.youtube.com/watch?v=uriYzZzYcY8;Enya;Orinoco Flow;1988
30;www.hitstergame.com/nl/00030;https://music.youtube.com/watch?v=Sj_9CiNkkn4;ABBA;Waterloo;1974
31;www.hitstergame.com/nl/00031;https://music.youtube.com/watch?v=egQv1NClZT8;Bob Sinclar;World, Hold On (feat. Steve Edwards);2022
32;www.hitstergame.com/nl/00032;https://music.youtube.com/watch?v=b5DfwGAej-k;James Brown;I Feel Good (I Got You);1966
33;www.hitstergame.com/nl/00033;https://music.youtube.com/watch?v=ZmlVEgQCZj0;Normaal;Oerend Hard (single versie);1977
34;www.hitstergame.com/nl/00034;https://music.youtube.com/watch?v=LLbew85exp0;Billy Joel;Piano Man;1973
35;www.hitstergame.com/nl/00035;https://music.youtube.com/watch?v=YEESfv-11ng;The Beatles;Get Back (Remastered 2015);2000
36;www.hitstergame.com/nl/00036;https://music.youtube.com/watch?v=-IBHxzg5tmA;Plastic Bertrand;Ca plane pour moi;1998
37;www.hitstergame.com/nl/00037;https://music.youtube.com/watch?v=-4JUMX4VjFA;Lionel Richie;Dancing On The Ceiling;1986
38;www.hitstergame.com/nl/00038;https://music.youtube.com/watch?v=vb5a-GYty-o;Patrick Hernandez;Born to Be Alive (The Original);1978
39;www.hitstergame.com/nl/00039;https://music.youtube.com/watch?v=fMLUJVUtA4c;Henny Vrienten;Als Je Wint;1983
40;www.hitstergame.com/nl/00040;https://music.youtube.com/watch?v=DWFtdiULbWM;Mabel;Don't Call Me Up;2019
41;www.hitstergame.com/nl/00041;https://music.youtube.com/watch?v=ljUtuoFt-8c;Nirvana;Smells Like Teen Spirit;1991
42;www.hitstergame.com/nl/00042;https://music.youtube.com/watch?v=v1gWtGzbv_w;The Bangles;Manic Monday;1985
43;www.hitstergame.com/nl/00043;https://music.youtube.com/watch?v=cO4TDxMDBSI;Amii Stewart;Knock On Wood;2024
44;www.hitstergame.com/nl/00044;https://music.youtube.com/watch?v=ZyhrYis509A;Aqua;Barbie Girl;1997
45;www.hitstergame.com/nl/00045;https://music.youtube.com/watch?v=TDmidrIDB4o;Nancy Sinatra;These Boots Are Made for Walkin';2021
46;www.hitstergame.com/nl/00046;https://music.youtube.com/watch?v=UeWot3ZGNHs;Nelly;Dilemma;2002
47;www.hitstergame.com/nl/00047;https://music.youtube.com/watch?v=wVI9iEbqFyo;Mungo Jerry;In the Summertime;1970
48;www.hitstergame.com/nl/00048;https://music.youtube.com/watch?v=rc0JQsHIxJU;Eros Ramazzotti;Più bella cosa;1996
49;www.hitstergame.com/nl/00049;https://music.youtube.com/watch?v=3337DLTPOJE;Herman van Veen;Anne;1986
50;www.hitstergame.com/nl/00050;https://music.youtube.com/watch?v=_VXUiAJi5KY;50 Cent;In Da Club;2003
51;www.hitstergame.com/nl/00051;https://music.youtube.com/watch?v=craeb9A7MQ8;FreezyCRO;Joseito Fernandez Guantanamera HQ;2022
52;www.hitstergame.com/nl/00052;https://music.youtube.com/watch?v=DPXHMBKY39M;Lady Gaga;Shallow;2018
53;www.hitstergame.com/nl/00053;https://music.youtube.com/watch?v=JqJWHIzKmj0;Mark Ronson feat. Amy Winehouse;Valerie;2007
54;www.hitstergame.com/nl/00054;https://music.youtube.com/watch?v=wJZf99CX9e8;Creedence Clearwater Revival;Have You Ever Seen The Rain;2025
55;www.hitstergame.com/nl/00055;https://music.youtube.com/watch?v=CK76rtzHETU;The Supremes;You Can't Hurry Love;1966
56;www.hitstergame.com/nl/00056;https://music.youtube.com/watch?v=hhSLkkLl750;Nickelback;How You Remind Me;2001
57;www.hitstergame.com/nl/00057;https://music.youtube.com/watch?v=FpkawF5GWMI;Ace of Base;All That She Wants;1993
58;www.hitstergame.com/nl/00058;https://music.youtube.com/watch?v=xE6NE-N0Pdk;Jessie J;Price Tag;2011
59;www.hitstergame.com/nl/00059;https://music.youtube.com/watch?v=EtNZnhxWLHo;The Offspring;Self Esteem;1994
60;www.hitstergame.com/nl/00060;https://music.youtube.com/watch?v=KZ-daHDx6HA;Loreen;Euphoria;2012
61;www.hitstergame.com/nl/00061;https://music.youtube.com/watch?v=GjbWxRM9H2U;Donovan;Atlantis;1969
62;www.hitstergame.com/nl/00062;https://music.youtube.com/watch?v=8Jtokmp8zoE;The Four Tops ;I Can't Help Myself (Sugar Pie, Honey Bunch);1965
63;www.hitstergame.com/nl/00063;https://music.youtube.com/watch?v=ufQUxoidxkM;Boston;More Than a Feeling;1976
64;www.hitstergame.com/nl/00064;https://music.youtube.com/watch?v=wkI6_t935Rg;Frankie Valli and the Four Seasons;December, 1963 (Oh, What a Night);2014
65;www.hitstergame.com/nl/00065;https://music.youtube.com/watch?v=QMzkaOY0bKA;Icona Pop;I Love It (feat. Charli XCX);2013
66;www.hitstergame.com/nl/00066;https://music.youtube.com/watch?v=sXA5OILKitY;Amy Macdonald;This Is The Life;2007
67;www.hitstergame.com/nl/00067;https://music.youtube.com/watch?v=0AAbY9Pvp6A;Chumbawamba;Tubthumping;1997
68;www.hitstergame.com/nl/00068;https://music.youtube.com/watch?v=ysPdibe1R3o;Neneh Cherry;Buffalo Stance;1989
69;www.hitstergame.com/nl/00069;https://music.youtube.com/watch?v=9k9ZNf_aJUM;Fluitsma & Van Tijn;15 Miljoen Mensen;2012
70;www.hitstergame.com/nl/00070;https://music.youtube.com/watch?v=LDx-E_GkJKE;Commodores;Easy;1977
71;www.hitstergame.com/nl/00071;https://music.youtube.com/watch?v=Q_OFkGvTf9I;Ilse DeLange;So Incredible;2008
72;www.hitstergame.com/nl/00072;https://music.youtube.com/watch?v=bESGLojNYSo;Lady Gaga;Poker Face;2008
73;www.hitstergame.com/nl/00073;https://music.youtube.com/watch?v=cWqcgPmCbDQ;The Trammps;Disco Inferno;1976
74;www.hitstergame.com/nl/00074;https://music.youtube.com/watch?v=QNbU7hO6pHM;Ritchie Valens;La Bamba;1959
75;www.hitstergame.com/nl/00075;https://music.youtube.com/watch?v=UscEO2ITyug;The Human League;Don't You Want Me;1981
76;www.hitstergame.com/nl/00076;https://music.youtube.com/watch?v=tipM2_AWvUw;La Donna E Mobile (Rigoletto;Verdi);2022
77;www.hitstergame.com/nl/00077;https://music.youtube.com/watch?v=9ssQKlLxBdQ;Imagine Dragons;Thunder;2017
78;www.hitstergame.com/nl/00078;https://music.youtube.com/watch?v=lyGQD1cH4xI;Richard Marx;Right Here Waiting;1989
79;www.hitstergame.com/nl/00079;https://music.youtube.com/watch?v=P_lvrzqFA1E;Leo Sayer;When I Need You;1976
80;www.hitstergame.com/nl/00080;https://music.youtube.com/watch?v=IDBVW4BXZPo;Linda Ronstadt;Blue Bayou;1977
81;www.hitstergame.com/nl/00081;https://music.youtube.com/watch?v=C7T4aQMxTTM;The Archies;Sugar Sugar;1969
82;www.hitstergame.com/nl/00082;https://music.youtube.com/watch?v=nZm3EZVYh4U;Sophie Ellis-Bextor;Murder On The Dancefloor;2002
83;www.hitstergame.com/nl/00083;https://music.youtube.com/watch?v=psv3XGZJIAM;Glenn Miller;In the Mood;1939
84;www.hitstergame.com/nl/00084;https://music.youtube.com/watch?v=rcAv1cGAeXE;Chaka Khan;Ain't Nobody;1996
85;www.hitstergame.com/nl/00085;https://music.youtube.com/watch?v=_mmHxzGjUZQ;Major Lazer;Lean On (feat. MØ & DJ Snake);2015
86;www.hitstergame.com/nl/00086;https://music.youtube.com/watch?v=Jx_O6PHdWww;Outkast;Hey Ya!;2003
87;www.hitstergame.com/nl/00087;https://music.youtube.com/watch?v=6VCsABl390Y;Corona;The Rhythm of the Night;1994
88;www.hitstergame.com/nl/00088;https://music.youtube.com/watch?v=a1pWN2ixeVY;P!nk;Just Give Me a Reason;2012
89;www.hitstergame.com/nl/00089;https://music.youtube.com/watch?v=3MutXUvS37k;Pearl Jam;Alive;1991
90;www.hitstergame.com/nl/00090;https://music.youtube.com/watch?v=hzYBEJgKjv0;Bill Haley & His Comets;Rock Around The Clock;1968
91;www.hitstergame.com/nl/00091;https://music.youtube.com/watch?v=col88Egj8-4;Bloem;Even Aan Mijn Moeder Vragen;1976
92;www.hitstergame.com/nl/00092;https://music.youtube.com/watch?v=6vzzRqnqAaw;René Froger;Alles Kan Een Mens Gelukkig Maken;2004
93;www.hitstergame.com/nl/00093;https://music.youtube.com/watch?v=CHk-rSClH-g;Hans de Booij;Annabel;1990
94;www.hitstergame.com/nl/00094;https://music.youtube.com/watch?v=sKNzJ2jiO-8;Cuby & The Blizzards;Window Of My Eyes;1968
95;www.hitstergame.com/nl/00095;https://music.youtube.com/watch?v=UlCDe0F8XIs;Eddy Grant;Gimme Hope Jo'Anna;2015
96;www.hitstergame.com/nl/00096;https://music.youtube.com/watch?v=Mw3LlFb0rRA;Moby;Porcelain;1999
97;www.hitstergame.com/nl/00097;https://music.youtube.com/watch?v=61M3jY_iaXY;Stef Bos;Papa;1990
98;www.hitstergame.com/nl/00098;https://music.youtube.com/watch?v=ZbZSe6N_BXs;Pharrell Williams;Happy (Video);2022
99;www.hitstergame.com/nl/00099;https://music.youtube.com/watch?v=WsNA85yi8GA;Paul Elstak;Rainbow In The Sky (K & A's Radio Blast);2010
100;www.hitstergame.com/nl/00100;https://music.youtube.com/watch?v=EmT1ptv3VEc;Tom Jones;Green Green Grass Of Home;1967
101;www.hitstergame.com/nl/00101;https://music.youtube.com/watch?v=LFFcyWGWz14;Kanye West;Gold Digger;2005
102;www.hitstergame.com/nl/00102;https://music.youtube.com/watch?v=oqy2N1jM2tU;Daryl Hall & John Oates;Maneater;1982
103;www.hitstergame.com/nl/00103;https://music.youtube.com/watch?v=sTMgX1PDGAE;Shaggy;It Wasn't Me;2000
104;www.hitstergame.com/nl/00104;https://music.youtube.com/watch?v=IJ8i49EqgYI;Tracy Chapman;Fast Car;1988
105;www.hitstergame.com/nl/00105;https://music.youtube.com/watch?v=AANaccPgj4Y;Bill Haley & His Comets;See You Later Alligator;1959
106;www.hitstergame.com/nl/00106;https://music.youtube.com/watch?v=rUdw7V-FC_Q;Thelma Houston;Don't Leave Me This Way;1976
107;www.hitstergame.com/nl/00107;https://music.youtube.com/watch?v=h3gEkwhdXUE;Wet Wet Wet;Love Is All Around;1995
108;www.hitstergame.com/nl/00108;https://music.youtube.com/watch?v=4FUBK4r2fzI;Lynyrd Skynyrd;Sweet Home Alabama;1974
109;www.hitstergame.com/nl/00109;https://music.youtube.com/watch?v=kbvpwnDeisk;Limahl;Never Ending Story;2009
110;www.hitstergame.com/nl/00110;https://music.youtube.com/watch?v=YO7M0Hx_1D8;Harry Belafonte;Day O (Banana Boat Song);2001
111;www.hitstergame.com/nl/00111;https://music.youtube.com/watch?v=IbYgI88fhNc;Release;Surfin' U.S.A.;2022
112;www.hitstergame.com/nl/00112;https://music.youtube.com/watch?v=NaaiI1y9QIo;Dua Lipa;Break My Heart;2020
113;www.hitstergame.com/nl/00113;https://music.youtube.com/watch?v=UJHEK0GIdYE;Robin Thicke;Blurred Lines;2013
114;www.hitstergame.com/nl/00114;https://music.youtube.com/watch?v=KfEbsZdTrfA;Elvis Presley;Jailhouse Rock;1997
115;www.hitstergame.com/nl/00115;https://music.youtube.com/watch?v=ZD6rXLXZOEI;Billie Eilish;bad guy;2019
116;www.hitstergame.com/nl/00116;https://music.youtube.com/watch?v=aZxuOfvT0Xw;Teddy Scholten;Een Beetje;2012
117;www.hitstergame.com/nl/00117;https://music.youtube.com/watch?v=Y6Lsr_z4hN0;Las Ketchup;The Ketchup Song (Aserejé);2002
118;www.hitstergame.com/nl/00118;https://music.youtube.com/watch?v=VSpdsZrDOSM;Alicia Keys;No One;2007
119;www.hitstergame.com/nl/00119;https://music.youtube.com/watch?v=_eAWnWHH63M;Armand;Ben Ik Te Min;2009
120;www.hitstergame.com/nl/00120;https://music.youtube.com/watch?v=qs7gKbBffps;Betty Everett;The Shoop Shoop Song (It's in His Kiss);1982
121;www.hitstergame.com/nl/00121;https://music.youtube.com/watch?v=iqXxfOnk-Z4;Miley Cyrus;Wrecking Ball;2013
122;www.hitstergame.com/nl/00122;https://music.youtube.com/watch?v=cDrU3weV3_Y;Corinne Bailey Rae;Put Your Records On;2006
123;www.hitstergame.com/nl/00123;https://music.youtube.com/watch?v=770f-pwPe4o;Cliff Richard;Congratulations;2008
124;www.hitstergame.com/nl/00124;https://music.youtube.com/watch?v=XQUt2NT6Af4;Jason Derulo;Whatcha Say;2010
125;www.hitstergame.com/nl/00125;https://music.youtube.com/watch?v=vCUsi9z69cE;Chubby Checker;The Twist;2020
126;www.hitstergame.com/nl/00126;https://music.youtube.com/watch?v=Ucmo6hDZRSY;Laura Branigan;Self Control;1984
127;www.hitstergame.com/nl/00127;https://music.youtube.com/watch?v=YeMp7JyPJvk;BLØF;Wat Zou Je Doen?;1998
128;www.hitstergame.com/nl/00128;https://music.youtube.com/watch?v=p8FTmkTIL88;Steppenwolf;Born To Be Wild;1968
129;www.hitstergame.com/nl/00129;https://music.youtube.com/watch?v=JnRw8bXVbPI;The Verve;Bitter Sweet Symphony (Remastered 2016);1997
130;www.hitstergame.com/nl/00130;https://music.youtube.com/watch?v=Sr9QVlUqmrw;Crowded House;Don't Dream It's Over;1986
131;www.hitstergame.com/nl/00131;https://music.youtube.com/watch?v=PIFUWHvSixw;Journey;Don't Stop Believin';1981
132;www.hitstergame.com/nl/00132;https://music.youtube.com/watch?v=jOUe5RZ_nCg;André Hazes;Bloed, Zweet En Tranen;2002
133;www.hitstergame.com/nl/00133;https://music.youtube.com/watch?v=UZ-IxxqlDtE;Def Rhymz;Doekoe;2001
134;www.hitstergame.com/nl/00134;https://music.youtube.com/watch?v=lYBUbBu4W08;Rick Astley;Never Gonna Give You Up;1987
135;www.hitstergame.com/nl/00135;https://music.youtube.com/watch?v=hPXCwmZd9-o;Vaya Con Dios;Nah Neh Nah;1990
136;www.hitstergame.com/nl/00136;https://music.youtube.com/watch?v=A_iTphwVNYs;TLC;Waterfalls;1994
137;www.hitstergame.com/nl/00137;https://music.youtube.com/watch?v=TBS6gAtj8gE;Kool & The Gang;Celebration;1980
138;www.hitstergame.com/nl/00138;https://music.youtube.com/watch?v=b_ZAMPpDqpE;Snelle;Smoorverliefd;2021
139;www.hitstergame.com/nl/00139;https://music.youtube.com/watch?v=E7DU70UTI3Q;Bill Medley;"The Time of My Life (12"" Version)";2012
140;www.hitstergame.com/nl/00140;https://music.youtube.com/watch?v=aCFLgavufaY;TOTO;Africa;1982
141;www.hitstergame.com/nl/00141;https://music.youtube.com/watch?v=rIGAt5yvfmw;Natalie Imbruglia;Torn;1997
142;www.hitstergame.com/nl/00142;https://music.youtube.com/watch?v=AjnJDBHmN18;Celine Dion;"My Heart Will Go On (Love Theme from ""Titanic"")";2022
143;www.hitstergame.com/nl/00143;https://music.youtube.com/watch?v=1ZfjB5P7RS0;Mark Morrison;Return of the Mack;1996
144;www.hitstergame.com/nl/00144;https://music.youtube.com/watch?v=AEgOilzlzkI;Annie de Reuver;Kijk Eens In De Poppetjes Van Mijn Ogen;2007
145;www.hitstergame.com/nl/00145;https://music.youtube.com/watch?v=5b05xJ9LO64;Eagle-Eye Cherry;Save Tonight;1998
146;www.hitstergame.com/nl/00146;https://music.youtube.com/watch?v=1Lej7aQDrGM;Little Eva;The Locomotion;1962
147;www.hitstergame.com/nl/00147;https://music.youtube.com/watch?v=O6RM7wlu_6c;Chuck Berry;Johnny B. Goode;1959
148;www.hitstergame.com/nl/00148;https://music.youtube.com/watch?v=hpjiBIdvWfs;Drake;Toosie Slide;2020
149;www.hitstergame.com/nl/00149;https://music.youtube.com/watch?v=aTEbpIpU1NM;Justin Bieber;Anyone;2021
150;www.hitstergame.com/nl/00150;https://music.youtube.com/watch?v=l53lhfTPQ1U;Gotye;Somebody That I Used To Know;2011
151;www.hitstergame.com/nl/00151;https://music.youtube.com/watch?v=_GWKkqNoyEA;OneRepublic;Counting Stars;2013
152;www.hitstergame.com/nl/00152;https://music.youtube.com/watch?v=iPo7y_8AocI;Fatboy Slim;Praise You (Radio Edit);2023
153;www.hitstergame.com/nl/00153;https://music.youtube.com/watch?v=tT5g7I-Itc8;Jennifer Lopez;If You Had My Love;1999
154;www.hitstergame.com/nl/00154;https://music.youtube.com/watch?v=oygRCAJkAqQ;Billy Swan;I Can Help;1998
155;www.hitstergame.com/nl/00155;https://music.youtube.com/watch?v=debOdnnRlNE;Wim Sonneveld;Het Dorp;1969
156;www.hitstergame.com/nl/00156;https://music.youtube.com/watch?v=pRIZohFFOMo;Lewis Capaldi;Someone You Loved;2019
157;www.hitstergame.com/nl/00157;https://music.youtube.com/watch?v=WiNLhBuK4WM;Technohead;I Wanna be a Hippy (Radio Mix);1995
158;www.hitstergame.com/nl/00158;https://music.youtube.com/watch?v=OIntFkCj5co;George Michael;I Knew You Were Waiting (For Me);2021
159;www.hitstergame.com/nl/00159;https://music.youtube.com/watch?v=6To0fvX_wFA;Stevie Wonder;Signed, Sealed, Delivered (I'm Yours);1970
160;www.hitstergame.com/nl/00160;https://music.youtube.com/watch?v=kAPj9oP4q_w;Marvin Gaye;I Heard It Through The Grapevine;1968
161;www.hitstergame.com/nl/00161;https://music.youtube.com/watch?v=Enzxdvo8NOk;David Bowie;Life on Mars? (2015 Remaster);1971
162;www.hitstergame.com/nl/00162;https://music.youtube.com/watch?v=xrR8LT2LX_w;Chicago;If You Leave Me Now;1976
163;www.hitstergame.com/nl/00163;https://music.youtube.com/watch?v=nCFTL4IO6t4;Bruce Springsteen;Dancing In the Dark;1984
164;www.hitstergame.com/nl/00164;https://music.youtube.com/watch?v=VRwn2DeXhLs;The Rolling Stones;Start Me Up (Remastered 2009);1981
165;www.hitstergame.com/nl/00165;https://music.youtube.com/watch?v=EP54u6omVQ8;Dire Straits;Walk Of Life;1985
166;www.hitstergame.com/nl/00166;https://music.youtube.com/watch?v=PTZYI5NR8wc;Sam The Sham And The Pharaohs;Wooly Bully;1965
167;www.hitstergame.com/nl/00167;https://music.youtube.com/watch?v=2UyhCbDYY6o;Enrique Iglesias;Do You Know? (The Ping Pong Song);2007
168;www.hitstergame.com/nl/00168;https://music.youtube.com/watch?v=6xzN8Nt0Pok;Whitney Houston;I Wanna Dance with Somebody (Who Loves Me);1987
169;www.hitstergame.com/nl/00169;https://music.youtube.com/watch?v=bizWqF8BmM0;Haddaway;"What Is Love (7"" Mix)";1993
170;www.hitstergame.com/nl/00170;https://music.youtube.com/watch?v=hVOsHG9XTw0;Shakira;Waka Waka (This Time for Africa) (  (Single);2022
171;www.hitstergame.com/nl/00171;https://music.youtube.com/watch?v=8LQJarYdwGc;MIKA;Relax, Take It Easy;2006
172;www.hitstergame.com/nl/00172;https://music.youtube.com/watch?v=wLSUDSNqLgQ;Fleetwood Mac;Everywhere (2017 Remaster);1987
173;www.hitstergame.com/nl/00173;https://music.youtube.com/watch?v=Ak5xWekNfSo;The Arrows;I Love Rock 'N Roll;2002
174;www.hitstergame.com/nl/00174;https://music.youtube.com/watch?v=3CIMDtyGMgE;Madonna;4 Minutes (feat. Justin Timberlake and Timbaland);2008
175;www.hitstergame.com/nl/00175;https://music.youtube.com/watch?v=28iHA3501MY;The Osmonds;Crazy Horses;1972
176;www.hitstergame.com/nl/00176;https://music.youtube.com/watch?v=8v83O2aIzgc;The Kinks;Lola (Remastered);2022
177;www.hitstergame.com/nl/00177;https://music.youtube.com/watch?v=Rz4zOOxoRzc;Suzan & Freek;Als Het Avond Is;2019
178;www.hitstergame.com/nl/00178;https://music.youtube.com/watch?v=oKu_YmLx3XI;Linda Roos & Jessica;Ademnood;1996
179;www.hitstergame.com/nl/00179;https://music.youtube.com/watch?v=XGXZOQ8yTU4;Usher;Yeah!;2004
180;www.hitstergame.com/nl/00180;https://music.youtube.com/watch?v=BFoNk5N7aTQ;Douwe Bob;Slow Down;2016
181;www.hitstergame.com/nl/00181;https://music.youtube.com/watch?v=lBOnj7sFjRc;Bruno Mars;The Lazy Song;2010
182;www.hitstergame.com/nl/00182;https://music.youtube.com/watch?v=-5qqrMu_AZc;Coolio;Gangsta's Paradise;1995
183;www.hitstergame.com/nl/00183;https://music.youtube.com/watch?v=49DL70klZjI;Kelly Clarkson;Because of You;2004
184;www.hitstergame.com/nl/00184;https://music.youtube.com/watch?v=viTjSjdetU0;Maroon 5;Moves Like Jagger;2010
185;www.hitstergame.com/nl/00185;https://music.youtube.com/watch?v=RrJwccZBl-w;T'Pau;China In Your Hand;2005
186;www.hitstergame.com/nl/00186;https://music.youtube.com/watch?v=QoI6OPiKIss;Roxette;The Look;1988
187;www.hitstergame.com/nl/00187;https://music.youtube.com/watch?v=eK_tpyqtnsg;Robbie Williams;Feel;2002
188;www.hitstergame.com/nl/00188;https://music.youtube.com/watch?v=alZm3isKr2g;Spice Girls;Stop;1997
189;www.hitstergame.com/nl/00189;https://music.youtube.com/watch?v=vRLBdOr1eZo;Neil Diamond;Girl, You'll Be A Woman Soon;1968
190;www.hitstergame.com/nl/00190;https://music.youtube.com/watch?v=1WaV2x8GXj0;Johnny Cash;Ring of Fire;1963
191;www.hitstergame.com/nl/00191;https://music.youtube.com/watch?v=wLy1S57uPHE;Genesis;No Son Of Mine (Remastered 2007);2022
192;www.hitstergame.com/nl/00192;https://music.youtube.com/watch?v=GzdBl75b_pU;Simple Minds;Belfast Child;1989
193;www.hitstergame.com/nl/00193;https://music.youtube.com/watch?v=a2giXO6eyuI;Adele;Set Fire to the Rain;2011
194;www.hitstergame.com/nl/00194;https://music.youtube.com/watch?v=zXicsl-bzL4;Niels Geusebroek;Take Your Time Girl;2013
195;www.hitstergame.com/nl/00195;https://music.youtube.com/watch?v=HwT8BVZ-CbQ;Alicia Keys;Fallin' (Radio Edit);2017
196;www.hitstergame.com/nl/00196;https://music.youtube.com/watch?v=OW9HP19f_nI;Duck Sauce;Barbra Streisand (Radio Edit);2010
197;www.hitstergame.com/nl/00197;https://music.youtube.com/watch?v=Eo1_ePc9FY8;Anouk;Michel;1999
198;www.hitstergame.com/nl/00198;https://music.youtube.com/watch?v=sQtnhwU2R9Y;John Legend;All of Me;2013
199;www.hitstergame.com/nl/00199;https://music.youtube.com/watch?v=MkQK83Tf9so;Queen;Under Pressure (Remastered 2011);1982
200;www.hitstergame.com/nl/00200;https://music.youtube.com/watch?v=sGH7aWA49DQ;The Chordettes;Lollipop;1957
201;www.hitstergame.com/nl/00201;https://music.youtube.com/watch?v=V3qUoiwr5kQ;Culture Beat;Mr. Vain;1993
202;www.hitstergame.com/nl/00202;https://music.youtube.com/watch?v=Wg6VS3OL06Q;Yazoo;Don't Go;1982
203;www.hitstergame.com/nl/00203;https://music.youtube.com/watch?v=3KcOoOmfGvg;André Hazes Jr.;Leef;2016
204;www.hitstergame.com/nl/00204;https://music.youtube.com/watch?v=OMbfT3Wppjo;Paul Simon;You Can Call Me Al;1986
205;www.hitstergame.com/nl/00205;https://music.youtube.com/watch?v=8PGppDW8kD0;Bronski Beat;Smalltown Boy;1984
206;www.hitstergame.com/nl/00206;https://music.youtube.com/watch?v=phEyvmvIvZs;Meghan Trainor;All About That Bass;2015
207;www.hitstergame.com/nl/00207;https://music.youtube.com/watch?v=SbYa7NBYyRc;Dion;The Wanderer;2001
208;www.hitstergame.com/nl/00208;https://music.youtube.com/watch?v=rLiuf5QFqpg;Van Dik Hout;Stil In Mij;1995
209;www.hitstergame.com/nl/00209;https://music.youtube.com/watch?v=hpSrLjc5SMs;Oasis;Wonderwall;2025
210;www.hitstergame.com/nl/00210;https://music.youtube.com/watch?v=t4B-x58xLdg;Dorus;Twee Motten;2013
211;www.hitstergame.com/nl/00211;https://music.youtube.com/watch?v=-1hbR_Y9gE0;Snow;Informer;1993
212;www.hitstergame.com/nl/00212;https://music.youtube.com/watch?v=jewmMjnbfzE;Vanilla Ice;Ice Ice Baby;2008
213;www.hitstergame.com/nl/00213;https://music.youtube.com/watch?v=4mzp-Y2PElA;De Kast;In Nije Dei;1996
214;www.hitstergame.com/nl/00214;https://music.youtube.com/watch?v=MJj1v31FgHw;O-Zone;Dragostea Din Tei (Original Romanian Version);2022
215;www.hitstergame.com/nl/00215;https://music.youtube.com/watch?v=tgkeg5sjPP4;Stereophonics;Have A Nice Day;2001
216;www.hitstergame.com/nl/00216;https://music.youtube.com/watch?v=oc92Tdl1bYM;Simply Red;Holding Back the Years;1985
217;www.hitstergame.com/nl/00217;https://music.youtube.com/watch?v=qt94Sx-tcYA;Tears for Fears;Shout;1985
218;www.hitstergame.com/nl/00218;https://music.youtube.com/watch?v=HAlspX_kjL4;Rednex;Cotton Eye Joe;1994
219;www.hitstergame.com/nl/00219;https://music.youtube.com/watch?v=_NkpHLq76ro;Reel 2 Real;"I Like to Move It (feat. The Mad Stuntman) (Erick ""More"" Album Mix)";1994
220;www.hitstergame.com/nl/00220;https://music.youtube.com/watch?v=8leuD7OVI5c;Dolly Parton;Jolene;1974
221;www.hitstergame.com/nl/00221;https://music.youtube.com/watch?v=Q2DOv1JX6VY;Bryan Adams;Heaven (Classic Version);2022
222;www.hitstergame.com/nl/00222;https://music.youtube.com/watch?v=nXpzVAInHTs;Jan Smit;Als De Morgen Is Gekomen;2006
223;www.hitstergame.com/nl/00223;https://music.youtube.com/watch?v=i0YkeQbn1ao;Release;Surf City;2022
224;www.hitstergame.com/nl/00224;https://music.youtube.com/watch?v=4UnU3r0M3zg;Red Hot Chili Peppers;Under the Bridge;1991
225;www.hitstergame.com/nl/00225;https://music.youtube.com/watch?v=2KeFjLDkOrI;Lenny Kravitz;Fly Away;1998
226;www.hitstergame.com/nl/00226;https://music.youtube.com/watch?v=S6Y1gohk5-A;Prince;Purple Rain;1984
227;www.hitstergame.com/nl/00227;https://music.youtube.com/watch?v=fK__Hs0n6-k;Rob de Nijs;Ritme Van De Regen;2025
228;www.hitstergame.com/nl/00228;https://music.youtube.com/watch?v=4PQAqprjOuA;The Monkees;I'm a Believer;1967
229;www.hitstergame.com/nl/00229;https://music.youtube.com/watch?v=TlvqOYYok8Y;Gers Pardoel;Ik Neem Je Mee;2011
230;www.hitstergame.com/nl/00230;https://music.youtube.com/watch?v=kb5JdxxkUzY;Release;Can't Help Falling in Love;2022
231;www.hitstergame.com/nl/00231;https://music.youtube.com/watch?v=tKRznjaIIyw;R.E.M.;Everybody Hurts;1992
232;www.hitstergame.com/nl/00232;https://music.youtube.com/watch?v=r8a7DcsBIZQ;Rowwen Hèze;De Peel In Brand;2005
233;www.hitstergame.com/nl/00233;https://music.youtube.com/watch?v=o5r22zXbRrA;Earth and Fire;Weekend;1979
234;www.hitstergame.com/nl/00234;https://music.youtube.com/watch?v=e44FFXsPoDk;Will Smith;Gettin' Jiggy Wit It;1997
235;www.hitstergame.com/nl/00235;https://music.youtube.com/watch?v=RAYQTfFh4xk;Chic;Le Freak;1978
236;www.hitstergame.com/nl/00236;https://music.youtube.com/watch?v=DSXizWymBl4;Caro Emerald;A Night Like This;2010
237;www.hitstergame.com/nl/00237;https://music.youtube.com/watch?v=s8SM6Suzas8;Sylvester;You Make Me Feel (Mighty Real);1978
238;www.hitstergame.com/nl/00238;https://music.youtube.com/watch?v=Ia5Uh-kj3C0;Jimmy Cliff;You Can Get It If You Really Want;1972
239;www.hitstergame.com/nl/00239;https://music.youtube.com/watch?v=b4IwnmKO3kU;Captain Jack;Captain Jack (Short Mix);1996
240;www.hitstergame.com/nl/00240;https://music.youtube.com/watch?v=st3FZwJN5w8;Corry Brokken;La Mamma (Zij Kwamen Overal Vandaan);2023
241;www.hitstergame.com/nl/00241;https://music.youtube.com/watch?v=8Afffdv5Tfg;Tina Turner;The Best;1989
242;www.hitstergame.com/nl/00242;https://music.youtube.com/watch?v=4ZiEmUjeEoA;John Mayer;Daughters;2003
243;www.hitstergame.com/nl/00243;https://music.youtube.com/watch?v=b-biOf2l4lE;Anita Meyer;Why Tell Me Why;2013
244;www.hitstergame.com/nl/00244;https://music.youtube.com/watch?v=bY3vXr7fm8k;Bon Jovi;It's My Life;2000
245;www.hitstergame.com/nl/00245;https://music.youtube.com/watch?v=6UNnj3FZtIE;Black & White;Daar Bij De Waterkant;2015
246;www.hitstergame.com/nl/00246;https://music.youtube.com/watch?v=xcREPZTGQP8;Guus Meeuwis;Brabant;2002
247;www.hitstergame.com/nl/00247;https://music.youtube.com/watch?v=_3E7AnwYFNE;Tones and I;Dance Monkey;2019
248;www.hitstergame.com/nl/00248;https://music.youtube.com/watch?v=LagDYp4VYCI;Sam Cooke;Wonderful World;1960
249;www.hitstergame.com/nl/00249;https://music.youtube.com/watch?v=Q7uiJcxIsK4;No Doubt;Don't Speak;1995
250;www.hitstergame.com/nl/00250;https://music.youtube.com/watch?v=sBW8Vnp8BzU;The Waterboys;The Whole of the Moon;1985
251;www.hitstergame.com/nl/00251;https://music.youtube.com/watch?v=yz4me7Vwr1w;Christina Aguilera;Genie In a Bottle;1999
252;www.hitstergame.com/nl/00252;https://music.youtube.com/watch?v=-SaUrDhp034;The Police;Every Breath You Take;1983
253;www.hitstergame.com/nl/00253;https://music.youtube.com/watch?v=iYHeyaNUlqc;Olivia Rodrigo;drivers license;2021
254;www.hitstergame.com/nl/00254;https://music.youtube.com/watch?v=VKC_hzJ3jzg;Shawn Mendes;Señorita;2019
255;www.hitstergame.com/nl/00255;https://music.youtube.com/watch?v=NYF9lJA4gac;Conny Vandenbos;Ik Ben Gelukkig Zonder Jou;2010
256;www.hitstergame.com/nl/00256;https://music.youtube.com/watch?v=sUYa5FZTyBk;Dr. Alban;Sing Hallelujah!;1992
257;www.hitstergame.com/nl/00257;https://music.youtube.com/watch?v=As_4JTmHuW4;Avicii;Without You;2017
258;www.hitstergame.com/nl/00258;https://music.youtube.com/watch?v=lZ9OP5dzkQg;Diana Ross;Upside Down;1980
259;www.hitstergame.com/nl/00259;https://music.youtube.com/watch?v=lw3iCVeTe30;Eric Prydz;Call on Me (Radio Mix);2004
260;www.hitstergame.com/nl/00260;https://music.youtube.com/watch?v=semj1FA7_tw;The Everly Brothers;All I Have To Do Is Dream;1964
261;www.hitstergame.com/nl/00261;https://music.youtube.com/watch?v=jufaD9GD3og;Fats Domino;Ain't It A Shame;2016
262;www.hitstergame.com/nl/00262;https://music.youtube.com/watch?v=Io7_3tlE7h0;Annie Lennox;Why;1992
263;www.hitstergame.com/nl/00263;https://music.youtube.com/watch?v=61AphBGDjaw;Faithless;God Is a DJ;2012
264;www.hitstergame.com/nl/00264;https://music.youtube.com/watch?v=wsHbHR3Os6U;Britney Spears;Oops!... I Did It Again;2000
265;www.hitstergame.com/nl/00265;https://music.youtube.com/watch?v=-AkxUirASIQ;KC & The Sunshine Band;"Give It Up (7"" Version)";2016
266;www.hitstergame.com/nl/00266;https://music.youtube.com/watch?v=RuPr33Jk2A4;Black Eyed Peas;Where Is The Love?;2003
267;www.hitstergame.com/nl/00267;https://music.youtube.com/watch?v=MR3uP7IYz44;Modjo;Lady (Hear Me Tonight);2001
268;www.hitstergame.com/nl/00268;https://music.youtube.com/watch?v=vum2bUJwfkI;Harry Styles;Adore You;2019
269;www.hitstergame.com/nl/00269;https://music.youtube.com/watch?v=3KFvoDDs0XM;Roy Orbison;Oh, Pretty Woman;1962
270;www.hitstergame.com/nl/00270;https://music.youtube.com/watch?v=r3BWaRkJ58M;Sonny & Cher;I Got You Babe;1965
271;www.hitstergame.com/nl/00271;https://music.youtube.com/watch?v=2CgESv5CYUw;Akon;Lonely;2005
272;www.hitstergame.com/nl/00272;https://music.youtube.com/watch?v=jdsqht1m1rE;Sister Sledge;We Are Family (1995 Remaster);1995
273;www.hitstergame.com/nl/00273;https://music.youtube.com/watch?v=uTiBxK1tZjI;Elton John;Your Song;1970
274;www.hitstergame.com/nl/00274;https://music.youtube.com/watch?v=9iayJ8u4Qew;Aretha Franklin;Respect;1967
275;www.hitstergame.com/nl/00275;https://music.youtube.com/watch?v=BWpf12DFwyY;Bryan Ferry;Let's Stick Together;1976
276;www.hitstergame.com/nl/00276;https://music.youtube.com/watch?v=cleCtBP0o5Y;Carly Simon;You're So Vain;1972
277;www.hitstergame.com/nl/00277;https://music.youtube.com/watch?v=4v2SXG_fkWg;Madhouse;Like a Prayer;2002
278;www.hitstergame.com/nl/00278;https://music.youtube.com/watch?v=QArPJoCBjS0;Release;That's Amore;2022
279;www.hitstergame.com/nl/00279;https://music.youtube.com/watch?v=sU9r8m8Vqvs;Les Poppys;Non non rien n'a changé;2020
280;www.hitstergame.com/nl/00280;https://music.youtube.com/watch?v=BCdbTEIcE5k;Gerard Cox;1948 (Toen Was Geluk Heel Gewoon);2015
281;www.hitstergame.com/nl/00281;https://music.youtube.com/watch?v=-knkXlCo83c;Zen;Hair;2023
282;www.hitstergame.com/nl/00282;https://music.youtube.com/watch?v=hJWSZDJb-W4;Ed Sheeran;Bad Habits;2021
283;www.hitstergame.com/nl/00283;https://music.youtube.com/watch?v=K1FlAphL2p8;Twenty One Pilots;Stressed Out;2015
284;www.hitstergame.com/nl/00284;https://music.youtube.com/watch?v=5JfU4PKgmJc;Neil Diamond;Sweet Caroline;1969
285;www.hitstergame.com/nl/00285;https://music.youtube.com/watch?v=_2qJy5r-WAY;Train;Hey, Soul Sister;2010
286;www.hitstergame.com/nl/00286;https://music.youtube.com/watch?v=4Dp48Acl62E;The Hustle;Original Mix;2010
287;www.hitstergame.com/nl/00287;https://music.youtube.com/watch?v=t2TKqJ2FXGM;Amy Winehouse;Rehab;2006
288;www.hitstergame.com/nl/00288;https://music.youtube.com/watch?v=B5eI-9zyPak;Clouseau;Daar Gaat Ze;1989
289;www.hitstergame.com/nl/00289;https://music.youtube.com/watch?v=iQEpTa3VqLU;Boney M;Daddy Cool;1976
290;www.hitstergame.com/nl/00290;https://music.youtube.com/watch?v=J7p4bzqLvCw;The Weeknd;Blinding Lights;2020
291;www.hitstergame.com/nl/00291;https://music.youtube.com/watch?v=Yn35b3KMJzE;Alvaro Soler;La Cintura;2019
292;www.hitstergame.com/nl/00292;https://music.youtube.com/watch?v=fHrOoRJIrGI;Davina Michelle;Duurt Te Lang;2018
293;www.hitstergame.com/nl/00293;https://music.youtube.com/watch?v=RSCnkhfSIjc;Duffy;Mercy;2008
294;www.hitstergame.com/nl/00294;https://music.youtube.com/watch?v=M51-spaR4qk;Katy Perry;Firework;2010
295;www.hitstergame.com/nl/00295;https://music.youtube.com/watch?v=TU-wJ_2-t_I;Anneke Grönloh;Brandend Zand;2013
296;www.hitstergame.com/nl/00296;https://music.youtube.com/watch?v=Ptgu47t9rKk;JAY-Z;Numb / Encore;2004
297;www.hitstergame.com/nl/00297;https://music.youtube.com/watch?v=McB9sJqHFx4;Joe Cocker;With A Little Help From My Friends;1969
298;www.hitstergame.com/nl/00298;https://music.youtube.com/watch?v=txpzAuXdpi0;George Baker Selection;Paloma Blanca;2003
299;www.hitstergame.com/nl/00299;https://music.youtube.com/watch?v=R_442XQN7jY;De Poema's;Mijn Houten Hart;2003
300;www.hitstergame.com/nl/00300;https://music.youtube.com/watch?v=_SFjqkg0Z-o;Ramses Shaffy;Laat Me;1978
301;www.hitstergame.com/nl/00301;https://music.youtube.com/watch?v=OPKTk5vUtDY;Portugal. The Man;Feel It Still;2017
302;www.hitstergame.com/nl/00302;https://music.youtube.com/watch?v=i9l-AeoQZKk;Boudewijn de Groot;Een Meisje Van Zestien;2022
303;www.hitstergame.com/nl/00303;https://music.youtube.com/watch?v=4hswHOEQfj8;The Champs;Tequila;1994
304;www.hitstergame.com/nl/00304;https://music.youtube.com/watch?v=xnUUXmU5vU4;Golden Earring;Radar Love;2008
305;www.hitstergame.com/nl/00305;https://music.youtube.com/watch?v=r8yr4Kcg1JU;The Cats;Sure he's a cat - 1967;2022
306;www.hitstergame.com/nl/00306;https://music.youtube.com/watch?v=HzvDofigTKQ;The Beatles;Let It Be (Remastered 2015);2000
307;www.hitstergame.com/nl/00307;https://music.youtube.com/watch?v=hJ1zOW-xW3A;Michael Bolton;When a Man Loves a Woman;1991
308;www.hitstergame.com/nl/00308;https://music.youtube.com/watch?v=KWLGyeg74es;Owl City;Fireflies;2009
